post_id,content,user_name,user_id,user_signature,publish_time,like_count,comment_count,forward_count,ip_location,image_urls,user_homepage,reply_to_id,reply_to_user
7546761597542728511,泪目，对爱的深沉,红豆生南国,Flyinger51,未知,2025-09-06 08:09:26,9,0,0,江西,,https://www.douyin.com/user/MS4wLjABAAAAAygD_vmkTsTE8fAain33uODgiECKWQqv-9A_cGI75nU,,
7546764332097487657,中国才是最厉害的,飘逸如风,dyzl04jiu370,未知,2025-09-06 08:20:00,6,0,0,山东,,https://www.douyin.com/user/MS4wLjABAAAAunJwmV8JJCOOnPSx73trMbY2v_uxkPdOx2kb64yNdN0,,
7546694810398016310,为什么我看得热泪盈眶,筠州鱼🐟虾🦞乐,xiaobudian970102,未知,2025-09-06 03:50:20,997,0,1,四川,,https://www.douyin.com/user/MS4wLjABAAAAMwW4M9UjDx4AgjvfLcaMzuQen3A6uDyTkERjlgU_ywE,,
7546612281112838947,[比心][比心][比心][比心][比心]厉害了我的国  有幸生于华夏  骄傲自豪[玫瑰][玫瑰][玫瑰][玫瑰][玫瑰],凉(づ′▽`)づ,W98980626,未知,2025-09-05 22:29:59,28,0,0,广西,,https://www.douyin.com/user/MS4wLjABAAAA0ymipJKoc3gYB23eKXUiqAPUC2cSgzZBL9mK0pw4a8Y,,
7546755478870442809,何其有幸，生于华夏,风铃,,未知,2025-09-06 07:45:40,20,0,0,河北,,https://www.douyin.com/user/MS4wLjABAAAAIzNcgut7ijUKoOh7ku9mOkTSUp5L2JxDBmc2fzsDrNI,,
7546665848833262394,中国覆盖全球,城市的边缘,RW9032,未知,2025-09-06 01:57:54,5,0,0,北京,,https://www.douyin.com/user/MS4wLjABAAAA60Kd5fHTX3IP_gen0oQkAb_ZA7-cw0n220GD17exEjc,,
7546746985903686436,我才发现联勤保障部队后面有女兵,纯情的汉子,qiujing0011,未知,2025-09-06 07:12:44,340,0,1,广东,,https://www.douyin.com/user/MS4wLjABAAAA35epr2o-BIFBv4tTVCo0kJnX7T0UI7NPLAE0jpEy1ik,,
7546605224967897865,估计他们的脚都磨破血了，不愧是军人[赞],火🔥凤凰,dy149avhod5n,未知,2025-09-05 22:02:34,475,0,7,贵州,,https://www.douyin.com/user/MS4wLjABAAAA1iM0TpYzz7E2X2xErr_nAOJrI5fmBXZ3ax6mv-QwCQ7CXVNkMnpO_dVGPUcGhmXQ,,
7546770696597717794,分列式开始调整队型的时候合唱团演唱的歌曲叫什么名字呀？[送心],蝴蝶之羽翼,,未知,2025-09-06 08:44:42,27,0,0,重庆,,https://www.douyin.com/user/MS4wLjABAAAAoD9hQKL61olMcjYoUMb5mN-DGE0KJHAswve19B3nN2g,,
7546746420931429129,总算搜到重播了，再看一遍,生活要多彩,duicai___,未知,2025-09-06 07:11:04,12,0,0,上海,,https://www.douyin.com/user/MS4wLjABAAAAqQ7f7At5JXD_j25oDA_HB0JysphNNlbBiQHNQ5m0MQY,,
7546649228476891914,熬夜又看一遍[捂脸],Jennnning,,未知,2025-09-06 00:53:23,349,0,13,广东,,https://www.douyin.com/user/MS4wLjABAAAAkQJmB49sTsupvmx2C3iJo0X800kwCF55R-DHBucOcdg,,
7546643006385029922,本人有幸全程参与了本次阅兵的点赞工作[玫瑰],张冠李戴的王,,未知,2025-09-06 00:29:12,328,0,0,河南,,https://www.douyin.com/user/MS4wLjABAAAAsZJh-hFcS_rp6yKRxzqtKmep7_0jUXvR0Bky_PGx48I,,
7546620182052012859,不是70 分钟吗,制裁,42687578229,未知,2025-09-05 23:00:36,55,0,3,江苏,,https://www.douyin.com/user/MS4wLjABAAAA32eiH1PBZdFQBDyc7eU8wcmDguIBoizdSsL2H8oe2NyF6fEge5ABQrKx9DReY9Me,,
7546765482805281593,天天早起看一遍，一天的精神来了[呲牙],sunxx,,未知,2025-09-06 08:24:28,99,0,0,安徽,,https://www.douyin.com/user/MS4wLjABAAAA2KzWDxDRvHusRCqW0RFh3SwzeiN2gNPGdYYAXtQrH4s,,
7546764212740719411,只要刷到就会看 根本看不腻,我姑娘叫萱萱🌸,,未知,2025-09-06 08:19:32,27,0,0,河北,,https://www.douyin.com/user/MS4wLjABAAAAzfLrNUMrJRBEXZfY1bZ9aW3YUTRACfw93G6g_higqtI,,
7546761301389902649,"整齐划一，每看一遍都是热泪盈眶。
伟大的祖国！繁荣昌盛！
生在华夏何等荣耀。[赞][赞][赞][赞]",懿切随缘,dyxfr6bau3qm,未知,2025-09-06 08:08:14,60,0,0,黑龙江,,https://www.douyin.com/user/MS4wLjABAAAAdKEtS-g7ZnPHvXsROdyyQoGY81ANkvqsHS1XzGSRDzl7baKfNNG4ZbHsSJ0xhH4R,,
7546643391419269947,当时直播跟着唱过歌的那刻，我哽咽泪目了。,灿烂烟花🔆,Co1a.li,未知,2025-09-06 00:30:44,61,0,0,贵州,,https://www.douyin.com/user/MS4wLjABAAAAj4QcadqPSXjq1_CwYhiX9mBaAzj-nZEPOpQlkldffvY,,
7546626268725953320,我是来听覆盖全球的[赞],牛哥在北京@,,未知,2025-09-05 23:24:15,105,0,0,北京,,https://www.douyin.com/user/MS4wLjABAAAAhCNqxMuedtcpID7PnMcrx6e4PwHG492BNAjWfbOoRcE,,
7546770453319205691,不知道为啥，今天让我热泪盈眶[流泪],风调雨顺,,未知,2025-09-06 08:43:44,24,0,0,浙江,,https://www.douyin.com/user/MS4wLjABAAAAevNzSW3Z4lJyD1bAC1Xn-H46iDPQWN55-s6GL4rJheg,,
7546673554370609971,自卫还击战老兵报道[比心],梦醒人散,,未知,2025-09-06 02:27:51,66,0,0,云南,,https://www.douyin.com/user/MS4wLjABAAAAq91Fpjjdtp7uC8H6u8Phe1q5OA6_8-GUpW058axFqtE,,
7546736689323262778,起早又看了一遍热血沸腾[泣不成声][泣不成声][泣不成声],Hi๓๓💫,tp95589_,未知,2025-09-06 06:32:45,45,0,0,北京,,https://www.douyin.com/user/MS4wLjABAAAAFIlNXERf2edDta_uZmPghUFiAWCGFKxcR7nZD19cq1w,,
7546751474320294713,我都数不清看了几遍了，只要刷到就看一遍！,蓝月,,未知,2025-09-06 07:30:06,48,0,0,山东,,https://www.douyin.com/user/MS4wLjABAAAA6pyCrtoaI0zwp9WRSum5ICkXI03ySFfpAJXnm_vjKfY,,
7546642490520224522,生是中国人，死是中华魂[爱心手],叶子🍀,yq15800303988,未知,2025-09-06 00:27:14,54,0,0,江苏,,https://www.douyin.com/user/MS4wLjABAAAAf3HwCoouFd0my2zM4eHVP7VKCh2Ei-31GE5uJkYEwbQ,,
7546746900595294991,听党指挥  能打胜仗   作风优良   正义必胜    和平必胜   人民必胜,人海里的我,2009722ma,未知,2025-09-06 07:12:22,49,0,0,河南,,https://www.douyin.com/user/MS4wLjABAAAAxdNEkZJPhVEqIvZ8GXOax3V3KVQwNYBTNvnO3EafwFyPxyNDCs6EVZTCkt84TTrm,,
7546768626642633532,愿祖国永远这样铿锵有力的走下去。,用户,86966982115,未知,2025-09-06 08:36:41,12,0,0,江苏,,https://www.douyin.com/user/MS4wLjABAAAAv_nqBl-I4NonMmoY5OXqJ2K2StgK9e-9AaDr7MGOKfPBjqzh_2p2FZcJC_i7-F3x,,
7546751688482276131,根本看不够[赞][赞][赞],心满意足,,未知,2025-09-06 07:30:58,10,0,0,湖南,,https://www.douyin.com/user/MS4wLjABAAAAJK75vLpCuLjESwzHU-3ouKcBnshB9Wgljncmd0CyyX0,,
7546639398117606201,看一遍又一遍，太震撼了[赞][赞][赞],理琳,ZG891027,未知,2025-09-06 00:15:11,31,0,0,云南,,https://www.douyin.com/user/MS4wLjABAAAAwzW6iTt5QTm90n9HMmBvIDb_hq6t8og03omfFkX2pUg,,
7546688309331428153,看的热血沸腾，中国🇨🇳解放军[赞][赞][赞][赞],丘芭比母捏牛（大耳贼刘备）,cyj521104,未知,2025-09-06 03:25:07,14,0,0,陕西,,https://www.douyin.com/user/MS4wLjABAAAATUgp6rBOmoaW7_tRdJjb84rFL5umgpTWx84MP16_Hjg,,
7546747713758495547,我去，那炮弹车我还以为是轰炸区呢[黑脸][黑脸][黑脸],洄墟咒,63021321668,未知,2025-09-06 07:15:33,20,0,0,山东,,https://www.douyin.com/user/MS4wLjABAAAASmYDs8a8eVcBRpxoTzfw1T5rI1VpVL1E3ApykpRmKao,,
7546664926320968508,大晚上我带耳机来看[快哭了][快哭了][快哭了]，太震撼了,？,,未知,2025-09-06 01:54:18,10,0,0,广东,,https://www.douyin.com/user/MS4wLjABAAAAL951gq5zFsFEA4ihFXLPW8zIRnOgEV_6ZW4Di9vk_30,,
7546700264569946939,太热血了,糊涂芳芳,,未知,2025-09-06 04:11:29,5,0,0,福建,,https://www.douyin.com/user/MS4wLjABAAAAfzZ4gSU7fN-CC5m7J9TBdDF_ZYhbJ3l8lZPVFFKOs4w,,
7546811252249756459,看的我满腔热血[抱抱你],24h🉐️粥入口宝宝,aniu.19490.,未知,2025-09-06 11:22:05,0,0,0,湖南,,https://www.douyin.com/user/MS4wLjABAAAA_aF8y3uKws_fxBj47Yi5YEr_nkCHHvfkYA5WB8fu_n0,,
7546766008942691132,祖国万岁[赞][赞][赞][赞][赞][赞],ℒ往Ꭽℯ⃝后ℒ余Ꭽ生࿐,HW1519166,未知,2025-09-06 08:26:30,3,0,0,陕西,,https://www.douyin.com/user/MS4wLjABAAAAZ3Y9kd_TuRRleedyxMuhJJx5Qdhj00iOrcatewZC-xM,,
7546763837107700515,[爱心][爱心],沉默,90601067325,未知,2025-09-06 08:18:06,1,0,0,河南,,https://www.douyin.com/user/MS4wLjABAAAARAQHivFQpTVnqSuzlhLbpFcTRnPrrnU17ry8g37x72lOpW_8sG2C9X16nVl9AMQY,,
7546759717331518249,何其有幸，生于华夏，祖国万岁[玫瑰],别看我只是一只杨🐏,,未知,2025-09-06 08:02:06,5,0,0,广东,,https://www.douyin.com/user/MS4wLjABAAAAGu7n8bXAmhnrEXYpCdjd5s9beDrlUHsdOlr5TrjOAJA,,
7546757933121749810,[赞][赞][赞],朝气勃勃（一生美好）,,未知,2025-09-06 07:55:12,1,0,0,广东,,https://www.douyin.com/user/MS4wLjABAAAAOlQLhSEKnqdA-6au2YTMIjl53iEIKrRWx1laaj9alLA,,
7546755989485077294,[赞][玫瑰],糖果👿,51595297722,未知,2025-09-06 07:47:37,3,0,0,湖北,,https://www.douyin.com/user/MS4wLjABAAAAgz6uVMvUrIkI9jglWu7MV4GNFYngzi8qjgtf4-KqnSo,,
7546755579647312699,[玫瑰][玫瑰][玫瑰],颜,yan4161774,未知,2025-09-06 07:46:03,1,0,0,山东,,https://www.douyin.com/user/MS4wLjABAAAAKptXGgeaR1qGlP4qK66gdV-9ROrnCYTwA6CMcCBbru5Yhhyi0MyRIgSNyDlir9kH,,
7546754333435724590,[赞][赞][赞],一千种不放心,,未知,2025-09-06 07:41:13,0,0,0,河北,,https://www.douyin.com/user/MS4wLjABAAAAlsBAkEgtlcTb67m2y5f3gzVaaOHnaVqCNNhEJEK7pTA,,
7546753035117347599,祖国万岁,💋᭄ℒᎭℯ⃝娜姐ℒᎭ࿐,65209162117,未知,2025-09-06 07:36:32,0,0,0,贵州,,https://www.douyin.com/user/MS4wLjABAAAAzRgNEIpAB1QSZ3LlAM_hKOzNRAwtTysJm-diK5yqqZr-ra5XGPs-0TOwzGgri5PK,,
7546752410343047962,[赞][赞][赞],今晚捉迷藏,cao1470079,未知,2025-09-06 07:33:45,0,0,0,广东,,https://www.douyin.com/user/MS4wLjABAAAADNCA2PqzMf4cAwPJpzkGUkZBibYY9vF8MQoTbATF6rigpEj94eqhsN_JXsR2_E1C,,
7546751998390092582,万看不厌！为伟大的祖国点赞[赞][赞][赞][赞][赞][赞],用户75776864,dya06kxrbe1p,未知,2025-09-06 07:32:37,0,0,0,湖北,,https://www.douyin.com/user/MS4wLjABAAAAOgM7oGcKIlskxlaBw9FQ9vVVW76g0L92VU7p0AxIWZcHqVhg0Nk1SuIcYr39Fe19,,
7546751980242404136,又是热泪盈眶的一天,木昜家人,60643748056,未知,2025-09-06 07:32:08,0,0,0,广西,,https://www.douyin.com/user/MS4wLjABAAAAwOd168EJ-ulvQkb-A64q2pzyG3CzAZlUvntWGxuUTT1TyPIO3LZzpqKiM9ZZwoRp,,
7546751197253026601,[赞][赞][赞],暖暖@,yin5919053,未知,2025-09-06 07:29:03,0,0,0,江苏,,https://www.douyin.com/user/MS4wLjABAAAAf5YeiKKnYiFQkhHufrGj_a-K3Z1Ld6ZYdOCCYkNyUOzD-VQUdvxBnKnCXXhhQJJR,,
7546749813824520969,英雄们辛苦了,卍清净无垢圣洁清香莲花卍,yuan8503,未知,2025-09-06 07:23:39,0,0,0,广西,,https://www.douyin.com/user/MS4wLjABAAAAA0iPjZccL9aTmzXYb8n5rMa57EUrNMNxgsQ9TNs6C8I,,
7546749020850864942,中国人的骄傲！[比心][比心][比心][比心][比心][比心],家有两小只💞,,未知,2025-09-06 07:20:36,1,0,0,天津,,https://www.douyin.com/user/MS4wLjABAAAAi4h15SIe5BM8TfqTzKdeBrtPBpfStBF_St7SMkPxYT4,,
7546748143124415282,刚劲有力，国家守护者[赞][赞],灿灿,dy6i21jdad75,未知,2025-09-06 07:17:10,1,0,0,山西,,https://www.douyin.com/user/MS4wLjABAAAAhUELAqx2sIcYwArVoUQTegyfY3D6hw70W_5UPzKUPWA,,
7546747681085145891,非常[赞],🌈爱播胡伯冰,yy8888888888880,未知,2025-09-06 07:15:27,0,0,0,四川,,https://www.douyin.com/user/MS4wLjABAAAAbORdkt875XSaqGaHx00zrkMAVC50VGwXGAFwBFxJNfE,,
7546747132643640124,百看不厌[赞][赞][赞],ღ想想妈້໌࿐ 批发灯具,y188539,未知,2025-09-06 07:13:18,1,0,0,山东,,https://www.douyin.com/user/MS4wLjABAAAAlvmMo9WJJWP-2YvxyFYTCE7_RPBvITqtVNHKkcRCB1dhqulAB4OaoLmTPTJD7GI8,,
7546741686702064447,为什么我的眼里常含泪水，因为我对这片土地爱的深沉，祖国万岁,小豆包,dysnjbjoz8ko,未知,2025-09-06 06:52:08,5,0,0,辽宁,,https://www.douyin.com/user/MS4wLjABAAAAA3SnKn_consxsl0fuLG5M9A7UoJbmNp5wTN8O8RH3lM,,
7546651333777048358,英姿飒爽，绝绝子[鼓掌][鼓掌][鼓掌]，赞不完，看不够.,给你“糖🍬”吃,Zhang197920,未知,2025-09-06 01:01:30,11,0,0,湖北,,https://www.douyin.com/user/MS4wLjABAAAA4pZK7W1eaVi_Vm8r5afLj9pZGB6vMDLTmz_M58QNnME,,
7546643337908110140,再看一次哦[呲牙][呲牙][呲牙][呲牙],Mortal.,29968774622p,未知,2025-09-06 00:30:32,0,0,0,江苏,,https://www.douyin.com/user/MS4wLjABAAAAe349B7FO4g7K_cZJFyDz0odXGhR4VmLjk-X0PKTDOuo,,
7546724001570194236,爱我中华，祖国万岁,利利素颜,0712888RS7,未知,2025-09-06 05:43:32,0,0,0,云南,,https://www.douyin.com/user/MS4wLjABAAAAfrxday-MZpoyday50AV21GeLDAtZvk-CE4dt-aBKBWM,,
7546656469145027385,祝福伟大祖国繁荣昌盛[玫瑰][玫瑰][玫瑰][666][666][666],星罗棋布,20220820NM,未知,2025-09-06 01:21:31,2,0,0,河南,,https://www.douyin.com/user/MS4wLjABAAAALBgBB-jLCmbf4xBt7sj0cnFyU7cRXBlfuNvFRBIGvVk,,
7546609568630113063,[爱心][爱心][爱心][爱心][爱心],梦剧场,,未知,2025-09-05 22:19:25,1,0,0,广西,,https://www.douyin.com/user/MS4wLjABAAAAtVbHUyJN633_dpQ3IAW7UTiJj9boFA6l8AX1qeWfjfU,,
7546624733673456410,[赞][赞][赞],A某人🙇,ww702905,未知,2025-09-05 23:18:16,0,0,0,广东,,https://www.douyin.com/user/MS4wLjABAAAABdNx74mEUbKlwWWi5SVtFKgxQzABOpbFbHApUkUn6uc,,
7546611144993440558,看不够，又看了一遍[微笑][微笑][微笑],法师来拿篮🧺,Kang25926674,未知,2025-09-05 22:25:33,140,0,6,山东,,https://www.douyin.com/user/MS4wLjABAAAAuKynBQf6rjA72hO7F5cy3gem6JJgdXzBKNMMNuu2crY,,
7546746296511824655,祝伟大祖国繁荣昌盛！人民幸福安康！！,用户2717721629684,47393761733,未知,2025-09-06 07:10:45,7,0,0,山东,,https://www.douyin.com/user/MS4wLjABAAAA6H2-s8_kV8253sW0k-hvhC0nDpSOciyQ9xQoucTpaJZm9BflP5UpuQclM_hvb5Og,,
7546688419268608814,覆盖全球🌍[胜利],王者之心,57209795994,未知,2025-09-06 03:25:32,22,0,0,广东,,https://www.douyin.com/user/MS4wLjABAAAAkdsJt1sAa_hW9afWS4sypZ9vqvHC3_T0pCWDGN0nzIX7eITsOGYSXtDUz1e_Txw3,,
7546740787574686499,看的我热泪盈眶，有幸生于华夏，祝伟大的祖国繁荣昌盛，国泰民安。,人海里的我,2009722ma,未知,2025-09-06 06:48:45,41,0,0,河南,,https://www.douyin.com/user/MS4wLjABAAAAxdNEkZJPhVEqIvZ8GXOax3V3KVQwNYBTNvnO3EafwFyPxyNDCs6EVZTCkt84TTrm,,
7546751148901401401,看一次身上汗毛立一次,Htllll,91729654269,未知,2025-09-06 07:28:51,9,0,0,吉林,,https://www.douyin.com/user/MS4wLjABAAAAsR6PKrqhMdJdbjENi6qprtcmHYl-9lsqdrU012vKvfk,,
7546659554806367018,有幸生于华夏  骄傲自豪[玫瑰][玫瑰][玫瑰][玫瑰][玫瑰],霉泥不行ya,,未知,2025-09-06 01:33:28,25,0,0,广东,,https://www.douyin.com/user/MS4wLjABAAAA8ZT2fl3bhRwFAYJjOex5H_elKf2WpWmcNo2R57vB2aE,,
7546769505738474250,"中国已变得无比强大了
再也沒任何一个国家能与中国匹敌
14亿人的骄傲。
[赞][赞][赞][赞][赞][赞][赞]
祖国萬岁",跃起,dy1zsyndv2fv,未知,2025-09-06 08:40:48,31,0,0,广东,,https://www.douyin.com/user/MS4wLjABAAAALV2jeq8OInWQIhNCWWwbpSt8zbA8MgBcD3dnBK0-uUIIzwR0WMQ5GSaUl3PZ9bkm,,
7546762930810520380,哭了,Peri,dyswi0hq00fp,未知,2025-09-06 08:14:34,4,0,0,辽宁,,https://www.douyin.com/user/MS4wLjABAAAARBFtDBqLhd1-bz5NqCcjFKRQ7pQQZq-wIyVR-f1Ffug,,
7546657196751848230,又看了一遍[星星眼]，准备美美的入睡[愉快],用户9567329652675,dy0llxbjcgst,未知,2025-09-06 01:24:20,16,0,0,湖北,,https://www.douyin.com/user/MS4wLjABAAAA-uO8vliwbIHZwbHEB5pve3vVNyPVqhla_Zo2PSbsg24,,
7546604674146566970,海陆空都有无人机,壁虎🦎,AU888388,未知,2025-09-05 22:00:26,10,0,0,广西,,https://www.douyin.com/user/MS4wLjABAAAA5PIHxqIkSQ_ns6erGU_9-jtXX0zdwDER6m1sQmJUiOY,,
7546615009770996537,都不知道看几遍了,L.,jiahui945,未知,2025-09-05 22:40:32,32,0,0,陕西,,https://www.douyin.com/user/MS4wLjABAAAAWsui84ToHTV1B-OgE0kgOmKCVmJb22OEoCyjABrtyYE,,
7546747212592923444,看十遍不不够[赞],柠檬,55541434153,未知,2025-09-06 07:13:34,4,0,0,江苏,,https://www.douyin.com/user/MS4wLjABAAAA8OKoasQMSsnlQZeZ-JVxjoyUGFolmYpPu-n6jTLGjseRENJacTCe2XP_jbiyK9Sn,,
7546746741744321331,越看越愿看,无缝钢管 精密无缝钢管,,未知,2025-09-06 07:11:46,4,0,0,山东,,https://www.douyin.com/user/MS4wLjABAAAAJVSO5xG_Sd__M9F4UhwQ--1d-i3mMWTZ7BAklX1LE7w,,
7546751772744860476,有你们这些子弟兵守护，人民放心了，国家放心了[比心],🎸🎸黄姐姐,,未知,2025-09-06 07:31:15,10,0,0,江西,,https://www.douyin.com/user/MS4wLjABAAAA-kZf-oG_SUeFunSyvj9FyCtCDb8a6O3PHlqi1OiOSA4,,
7546713036628280091,再看亿遍,🐈‍⬛‧₊˚⋆♡̷☆₊,ping20030606vvv,未知,2025-09-06 05:01:02,3,0,0,广西,,https://www.douyin.com/user/MS4wLjABAAAAGoMHfbkrIT4-OtVY_hl1HZeeRnfX4j-jn3i40JOnnqE,,
7546713233576624956,熬夜又看一遍，还是如此激动，何其有幸，生于华夏，我爱你，中国[比心][比心][比心],丫丫（卖茶叶的小姐姐）,yaya870912,未知,2025-09-06 05:01:50,9,0,0,江苏,,https://www.douyin.com/user/MS4wLjABAAAAEvk7Yk9nZJSZ3akagL54IvnFRFP9wHSo1Y8l6OeXKCM,,
7546703208225243943,东风浩荡 核常兼备 以武止戈 砥定乾坤[酷拽][酷拽][酷拽][酷拽],单身主理人,,未知,2025-09-06 04:22:56,18,0,0,四川,,https://www.douyin.com/user/MS4wLjABAAAA0DHI70P2AN8ikYxreM5PkV9j3If43xJMVVDZJi1t3ns,,
7546706181629739786,生于华夏，何其幸哉！,村里有个姑娘,HUAH0616,未知,2025-09-06 04:34:26,3,0,0,贵州,,https://www.douyin.com/user/MS4wLjABAAAAyILA9M99QGlqxDjobminCpvDDpliMni45Ok12ANF_qc,,
7546611527625966345,永久收藏！,维尼🐻,,未知,2025-09-05 22:27:01,15,0,0,河北,,https://www.douyin.com/user/MS4wLjABAAAAWEqIN3GvY-urbIgF9fiYtq4lN7QjXrZurjLdsLhpNxU,,
7546769107296158514,一看马上精神了,泷哥哥,,未知,2025-09-06 08:38:31,7,0,0,上海,,https://www.douyin.com/user/MS4wLjABAAAAwv-AdpY9In_dc2iyunkxCi8FHGK9aukKQETkMjqmQt4,,
7546763117843546906,帅,漫步者,,未知,2025-09-06 08:15:19,4,0,0,广东,,https://www.douyin.com/user/MS4wLjABAAAAszCEDMTqoGw1c8PzZVjvV5m_wX_kliv1TSEtzlDKCjM,,
7546623283002934075,人民必胜,明月松间照,zlm1960018360,未知,2025-09-05 23:12:39,3,0,0,云南,,https://www.douyin.com/user/MS4wLjABAAAACiPuiGGeRzX63_4He6tQcMWOMnKe-cEmzZafyGJ_MJs,,
7546689770161636154,既然刷到了就在看完一遍[给力][给力][给力],难初,nc.0619,未知,2025-09-06 03:30:48,6,0,0,广东,,https://www.douyin.com/user/MS4wLjABAAAAPwTyFnTQB2mjTswy3_wFFfGKrXYyyqUbQw11uZvGPYw,,
7546609653188313914,果断收藏了。,徐光明,,未知,2025-09-05 22:19:45,16,0,0,江苏,,https://www.douyin.com/user/MS4wLjABAAAAkiYVG8fOL5T96js761_ueVeIIOFqCd4U0ExsihCXwM4,,
7546745306727039802,[赞]帅，啥都是顶配的。,永驻时光,123HXYLWB,未知,2025-09-06 07:06:12,8,0,0,广东,,https://www.douyin.com/user/MS4wLjABAAAA-d4sFqdYTXvurtMUvjVmgFHlDUMx4bqUIbVQ3uf7qCsH95pPy4pzAe9jOem5P4ea,,
7546619832075502377,这是我的国，我的人民，我的子弟兵，我的政府！祖国万岁[感谢][玫瑰][赞],草原大亮,caoyuandalia29,未知,2025-09-05 22:59:17,11,0,0,北京,,https://www.douyin.com/user/MS4wLjABAAAAaJY33hcMM16XwIyttwjWaHvG7aBxPFAw91a6hiTDy5glggTrRmkh4CWq92I8oTNq,,
7546741627211236134,[赞][赞][赞][赞][赞],潘墩墩,46071430450,未知,2025-09-06 06:51:57,0,0,0,北京,,https://www.douyin.com/user/MS4wLjABAAAAqsN-51NN_MrRiQb8nRfNb5KlFYutHlmzzuq-9dP4LaU,,
7546741593015075641,这个必须赞[赞][赞][赞][赞],曌兲嚘兕尣,dyd4qrrq1wv0,未知,2025-09-06 06:51:48,1,0,0,上海,,https://www.douyin.com/user/MS4wLjABAAAAViy73CvTzO3M1Ilahmy5_xuZyTzx0zyz9bbkdafqrKr3JDqWuI9ZDtlfacj8ud84,,
7546736631459300155,看了一遍又一遍[赞][赞][赞][赞][赞][赞][赞][鼓掌][鼓掌][鼓掌][鼓掌]祖国万岁[比心][比心][比心][比心][比心][比心][比心][比心][比心],龍儿,,未知,2025-09-06 06:32:33,0,0,0,江苏,,https://www.douyin.com/user/MS4wLjABAAAAqkhkSKp79nHdoYUsSX03YQsyY5z3esSYjTqlttOghDg,,
7546735579356316454,[赞][赞][赞][赞][赞],人生如梦,70329947595,未知,2025-09-06 06:29:17,0,0,0,黑龙江,,https://www.douyin.com/user/MS4wLjABAAAA91hpyGAD89dYdk9xD3Nv-LoVsyMs9plrepxUDfQxx291mq0k73UoHHL-xxZLLXfe,,
7546735250644403004,祖国万岁，中国人民解放军万岁！！！,混世_魔王,,未知,2025-09-06 06:27:12,0,0,0,广东,,https://www.douyin.com/user/MS4wLjABAAAAviiEareUWKqhvfNboP32mS1LGFxBwjR4Y_VBzfv7pDg,,
7546731916751733567,强大的祖国[赞],家是巷弯,,未知,2025-09-06 06:14:15,0,0,0,安徽,,https://www.douyin.com/user/MS4wLjABAAAAOqBIJn76TXRHeMQQ-4KAYuW_R5nTTZ_6ISXmNTfTUl8,,
7546726784462390054,看了一遍又一遍[偷笑][偷笑][偷笑][偷笑][偷笑],风雨踏梦行,78985903762,未知,2025-09-06 05:55:00,0,0,0,江苏,,https://www.douyin.com/user/MS4wLjABAAAANJH85hkbr3eFoEUKn9x09VhE9rTCl3whtzya73e5l1oop5cl-sUm_7rgJBrKb9mR,,
7546726405901353737,[赞][赞][赞][赞][赞][赞][赞][赞][赞][赞][赞][赞][赞][赞][赞][赞],用户4864299138031,,未知,2025-09-06 05:53:30,1,0,0,北京,,https://www.douyin.com/user/MS4wLjABAAAA4yw0GOMBxHNyObCK2fAAgsKcqQ-Qa7KmNcJlkhom1qo,,
7546724407973331758,我是中国人，我骄傲[赞][赞][赞],福如董海，紫气董来（董航海）,,未知,2025-09-06 05:45:05,2,0,0,四川,,https://www.douyin.com/user/MS4wLjABAAAAYWmyTg3ezzz51-ndElI4LfssI8u7-DMjqcqTEc0NmK4,,
7546707653431444234,伟大的祖国万岁[感谢][感谢][感谢],看三观知人性,kansanguanzh,未知,2025-09-06 04:40:40,3,0,0,天津,,https://www.douyin.com/user/MS4wLjABAAAAraizc_Cxw4o4TFWt-AdVqvgO3zgYOUJ9-3iNsq3HBQo,,
7546706565378622262,和平必胜！正义必胜！人民必胜！,曼阔,Wq1697519700,未知,2025-09-06 04:35:55,4,0,0,广西,,https://www.douyin.com/user/MS4wLjABAAAACOwt4raTWqlkPbFer0a9Xe3tcWUsgxExjNnjHzrNS3g,,
7546703670251963179,看完了[灵光一闪],用户2690824370897,47663573870,未知,2025-09-06 04:25:10,2,0,0,湖南,,https://www.douyin.com/user/MS4wLjABAAAA_gYvihV4HgUtULSN-5Ws9dJzydRIVn23BU6xytcpNU2rcxJtg4WsPPdx_8itGV7z,,
7546700389493801737,[赞][赞][赞],夜未央,,未知,2025-09-06 04:13:01,0,0,0,甘肃,,https://www.douyin.com/user/MS4wLjABAAAAKpIQFRxEflTlETDUWUSamWtbOz7ZQrOz9d4XOBvffYs,,
7546700394005644075,太震撼了👍❤️🌹,pinpintongtong,rs.0123,未知,2025-09-06 04:12:26,1,0,0,美国,,https://www.douyin.com/user/MS4wLjABAAAAY_Bpw9MBP1A-ypd6tQILQzl7vsfrEamHw7DRA7qFVNY,,
7546700209309647673,中国人[赞][赞][赞][赞],糊涂芳芳,,未知,2025-09-06 04:11:14,1,0,0,福建,,https://www.douyin.com/user/MS4wLjABAAAAfzZ4gSU7fN-CC5m7J9TBdDF_ZYhbJ3l8lZPVFFKOs4w,,
7546692979660342074,@林阿好 来看[色],一堆肉卷,DHl116,未知,2025-09-06 03:43:18,1,0,0,海南,,https://www.douyin.com/user/MS4wLjABAAAA64edw7R4cjRXDa_zje2B53SvS1okP9e3VBGj2vr99L8,,
7546691343071265579,百看不厌，祝福祖国繁荣昌盛❤️🌹,pinpintongtong,rs.0123,未知,2025-09-06 03:37:28,1,0,0,美国,,https://www.douyin.com/user/MS4wLjABAAAAY_Bpw9MBP1A-ypd6tQILQzl7vsfrEamHw7DRA7qFVNY,,
7546686863353971490,@,A石家庄 成套设备组装🌈,,未知,2025-09-06 03:19:39,0,0,0,贵州,,https://www.douyin.com/user/MS4wLjABAAAABmeLdFtjVBcsq5slik6Nt1Cr8X0S1D36ostIWdLAf64,,
7546718591900435246,热血沸腾！！！,立风,Vincentquasimodo,未知,2025-09-06 05:22:35,1,0,0,广东,,https://www.douyin.com/user/MS4wLjABAAAAHSNgR5KxXrdJy3aUCaMtU8xD26WpZcMr6lTt8aQtEl4,,
7546716012432081721,[赞][赞][赞][赞][赞][赞][福][福][福][福][福],竹叶青兰,TSL630302,未知,2025-09-06 05:12:34,1,0,0,江苏,,https://www.douyin.com/user/MS4wLjABAAAAajo-m9fugFx0dLOP8V6LdeyDyZoGvvkSlyMnj8M53R4,,
7546714190745420582,刚刚熬夜又看完一遍[赞],大李,70750393719,未知,2025-09-06 05:06:08,3,0,0,重庆,,https://www.douyin.com/user/MS4wLjABAAAAnX9z5GKL21gEDJdJ2vD6UBlhlupITs4oQ2aMLIhl_Go,,
7546713303667213096,每次看都是热血沸腾,3/3,,未知,2025-09-06 05:02:44,5,0,0,陕西,,https://www.douyin.com/user/MS4wLjABAAAAJNv0RErKwxo92EGqVVu-bUP7lsWT1410VjPzLhSwqfU,,
7546713233576624956,熬夜又看一遍，还是如此激动，何其有幸，生于华夏，我爱你，中国[比心][比心][比心],丫丫（卖茶叶的小姐姐）,yaya870912,未知,2025-09-06 05:01:50,9,0,0,江苏,,https://www.douyin.com/user/MS4wLjABAAAAEvk7Yk9nZJSZ3akagL54IvnFRFP9wHSo1Y8l6OeXKCM,,
7546713036628280091,再看亿遍,🐈‍⬛‧₊˚⋆♡̷☆₊,ping20030606vvv,未知,2025-09-06 05:01:02,3,0,0,广西,,https://www.douyin.com/user/MS4wLjABAAAAGoMHfbkrIT4-OtVY_hl1HZeeRnfX4j-jn3i40JOnnqE,,
7546712507379254043,全体起立[玫瑰],阿睿教你玩网创,87158865261,未知,2025-09-06 04:58:59,1,0,0,山东,,https://www.douyin.com/user/MS4wLjABAAAAWpl_FF3tbb_C_juI3Y4RsiQOqSi7pHyGG6V2hkPplAU,,
7546710318270464804,祖国万岁  ！中国必胜,1234567,kepler71257,未知,2025-09-06 04:50:31,5,0,0,河南,,https://www.douyin.com/user/MS4wLjABAAAAWcf0pOm-XGvIz5CRhLjGceOHs2FuStgQwQJ_m9W_ug4,,
7546708411926184730,[赞][赞][赞][赞][赞][赞][赞][赞][赞][赞],哈哈(ಡωಡ)hiahiahia,60559475807,未知,2025-09-06 04:43:45,2,0,0,云南,,https://www.douyin.com/user/MS4wLjABAAAAscgVmyLY2FAaoHeh_lfX60VwL51t9l-QTFaoKDtqMO4xZ3v8XzandWHnWnXkR-9x,,
7546707653431444234,伟大的祖国万岁[感谢][感谢][感谢],看三观知人性,kansanguanzh,未知,2025-09-06 04:40:40,3,0,0,天津,,https://www.douyin.com/user/MS4wLjABAAAAraizc_Cxw4o4TFWt-AdVqvgO3zgYOUJ9-3iNsq3HBQo,,
7546706565378622262,和平必胜！正义必胜！人民必胜！,曼阔,Wq1697519700,未知,2025-09-06 04:35:55,4,0,0,广西,,https://www.douyin.com/user/MS4wLjABAAAACOwt4raTWqlkPbFer0a9Xe3tcWUsgxExjNnjHzrNS3g,,
7546706181629739786,生于华夏，何其幸哉！,村里有个姑娘,HUAH0616,未知,2025-09-06 04:34:26,3,0,0,贵州,,https://www.douyin.com/user/MS4wLjABAAAAyILA9M99QGlqxDjobminCpvDDpliMni45Ok12ANF_qc,,
7546704842930127642,致敬军人[祈祷]，国富民强！祝愿祖国愿来愿好！,都会过去的,lyz11354,未知,2025-09-06 04:30:08,0,0,0,山西,,https://www.douyin.com/user/MS4wLjABAAAAUlV5J7d6FeT9z10jAcAoJ0sT2oUXgC3ZhIfPxWOuE8M,,
7546703670251963179,看完了[灵光一闪],用户2690824370897,47663573870,未知,2025-09-06 04:25:10,2,0,0,湖南,,https://www.douyin.com/user/MS4wLjABAAAA_gYvihV4HgUtULSN-5Ws9dJzydRIVn23BU6xytcpNU2rcxJtg4WsPPdx_8itGV7z,,
7546703208225243943,东风浩荡 核常兼备 以武止戈 砥定乾坤[酷拽][酷拽][酷拽][酷拽],单身主理人,,未知,2025-09-06 04:22:56,19,0,0,四川,,https://www.douyin.com/user/MS4wLjABAAAA0DHI70P2AN8ikYxreM5PkV9j3If43xJMVVDZJi1t3ns,,
7546724001570194236,爱我中华，祖国万岁,利利素颜,0712888RS7,未知,2025-09-06 05:43:32,0,0,0,云南,,https://www.douyin.com/user/MS4wLjABAAAAfrxday-MZpoyday50AV21GeLDAtZvk-CE4dt-aBKBWM,,
7546700389493801737,[赞][赞][赞],夜未央,,未知,2025-09-06 04:13:01,0,0,0,甘肃,,https://www.douyin.com/user/MS4wLjABAAAAKpIQFRxEflTlETDUWUSamWtbOz7ZQrOz9d4XOBvffYs,,
7546700394005644075,太震撼了👍❤️🌹,pinpintongtong,rs.0123,未知,2025-09-06 04:12:26,1,0,0,美国,,https://www.douyin.com/user/MS4wLjABAAAAY_Bpw9MBP1A-ypd6tQILQzl7vsfrEamHw7DRA7qFVNY,,
7546700209309647673,中国人[赞][赞][赞][赞],糊涂芳芳,,未知,2025-09-06 04:11:14,1,0,0,福建,,https://www.douyin.com/user/MS4wLjABAAAAfzZ4gSU7fN-CC5m7J9TBdDF_ZYhbJ3l8lZPVFFKOs4w,,
7546693787047215923,看了又看，真好看,桃李成蹊,q106146232,未知,2025-09-06 03:47:09,3,0,0,浙江,,https://www.douyin.com/user/MS4wLjABAAAAGrye4gY0I16eY-ePF2B_x_o6Y44tY1mCkrIT6rQX_Zosf8x3bVOtzyS7vFlrqlgj,,
7546692979660342074,@林阿好 来看[色],一堆肉卷,DHl116,未知,2025-09-06 03:43:18,1,0,0,海南,,https://www.douyin.com/user/MS4wLjABAAAA64edw7R4cjRXDa_zje2B53SvS1okP9e3VBGj2vr99L8,,
7546692016551609147,覆盖全球,憨憨,,未知,2025-09-06 03:39:33,18,0,0,广东,,https://www.douyin.com/user/MS4wLjABAAAA-KVHQt8mejzOcKvMZ6opRNzTOXHhkM1_NScP4P0sBpg,,
7546689770161636154,既然刷到了就在看完一遍[给力][给力][给力],难初,nc.0619,未知,2025-09-06 03:30:48,6,0,0,广东,,https://www.douyin.com/user/MS4wLjABAAAAPwTyFnTQB2mjTswy3_wFFfGKrXYyyqUbQw11uZvGPYw,,
7546686863353971490,@,A石家庄 成套设备组装🌈,,未知,2025-09-06 03:19:39,0,0,0,贵州,,https://www.douyin.com/user/MS4wLjABAAAABmeLdFtjVBcsq5slik6Nt1Cr8X0S1D36ostIWdLAf64,,
7546685847590388534,[赞][赞][赞],邻柒,,未知,2025-09-06 03:16:24,0,0,0,广东,,https://www.douyin.com/user/MS4wLjABAAAABfV0TfyIhkQENqy9u6fw7yI8jxvtRRhRdjY1JeiTa5A,,
7546685506911421225,我也再来看一遍,竹风雅梦🥰,67954636599,未知,2025-09-06 03:14:19,1,0,0,海南,,https://www.douyin.com/user/MS4wLjABAAAANmFoUFayG8bNFMvdGGEEJCu1YtfcAlqN0FbKC6_l_us8WER5oRNvrLTKTQl7nvNf,,
7546684637024928572,@StE.VeN..⚽️🫠 @yuki @十一K啊 93不在，补一个,b0Ardking,b0Ard_CSGO,未知,2025-09-06 03:10:51,1,0,1,英国,,https://www.douyin.com/user/MS4wLjABAAAAkr6PNClyKxGHrmNFQPlSXhgWIycet4h_JG1vmPA1AGiG_DEhqxQ-WZ63bFPHqAjd,,
7546680496018162492,祖国万岁[玫瑰][玫瑰][玫瑰],Suta,Suta5566,未知,2025-09-06 02:54:48,0,0,0,江苏,,https://www.douyin.com/user/MS4wLjABAAAA29g4LdfcS0yEicgPx8YcnjNOAMLALIZs8ARyVrwsg68a8zR5150L6myY4C6Nenso,,
7546679518448190265,[酷拽][酷拽]不睡觉也要看完，再看一次,明月江,20682866150,未知,2025-09-06 02:51:02,2,0,0,广东,,https://www.douyin.com/user/MS4wLjABAAAAx23ABwwDmpFhcmpsfQhFmAYNDzSanY0l8w4Q3c2eIOhrDDnE-UXtYAu5TzYTSJhD,,
7546679440404153097,看了好几遍,快乐人生,,未知,2025-09-06 02:50:40,0,0,0,山西,,https://www.douyin.com/user/MS4wLjABAAAAFPcXx4It5NCd_1TkfFEVzl-fbShalXAyZ_aWrPnsslY,,
7546675480705041161,祖国万岁[烟花][烟花][烟花]  繁荣昌盛[玫瑰][玫瑰][玫瑰],没活硬整,,未知,2025-09-06 02:35:20,2,0,0,辽宁,,https://www.douyin.com/user/MS4wLjABAAAAmXOI-TN5QcMyQt4jG7sgwvaXt9BBEFalpNrtkNTcp_c,,
7546671018518643516,[敬礼],🌈玫玖,kpm9885,未知,2025-09-06 02:18:00,1,0,0,广西,,https://www.douyin.com/user/MS4wLjABAAAAZS_vvhxi0LEYoDlTvGgcCum-qq61br85EPWGLYS-qKU,,
7546669569507935035,热血沸腾[赞][赞][赞],🐸୧⍤⃝澪乨ᰔᩚ💞,hx_525383,未知,2025-09-06 02:12:22,0,0,0,四川,,https://www.douyin.com/user/MS4wLjABAAAAqca7AuNDNMcAUw06wVr4Z6gp8zVUfaieyjzYxnTlKIw,,
7546667000719885108,祝愿祖国繁荣昌盛，国泰民安。[玫瑰][玫瑰][玫瑰][玫瑰][玫瑰][玫瑰],今生有幸生于华夏。,94722314710,未知,2025-09-06 02:03:04,0,0,0,河南,,https://www.douyin.com/user/MS4wLjABAAAADtioKOQGk39729ks_4SALcgRpGljdLNW2BF97gkTW-Q,,
7546665848833262394,中国覆盖全球,城市的边缘,RW9032,未知,2025-09-06 01:57:54,5,0,0,北京,,https://www.douyin.com/user/MS4wLjABAAAA60Kd5fHTX3IP_gen0oQkAb_ZA7-cw0n220GD17exEjc,,
7546660989509452594,[赞][赞][赞][赞][赞],美少女的事你少管。,,未知,2025-09-06 01:39:00,0,0,0,河南,,https://www.douyin.com/user/MS4wLjABAAAA6zQK6K-3i76s_Ak7j4ovMiNiMEIr_FxAb3ja-CgBOak,,
7546657196751848230,又看了一遍[星星眼]，准备美美的入睡[愉快],用户9567329652675,dy0llxbjcgst,未知,2025-09-06 01:24:20,16,0,0,湖北,,https://www.douyin.com/user/MS4wLjABAAAA-uO8vliwbIHZwbHEB5pve3vVNyPVqhla_Zo2PSbsg24,,
7546691343071265579,百看不厌，祝福祖国繁荣昌盛❤️🌹,pinpintongtong,rs.0123,未知,2025-09-06 03:37:28,1,0,0,美国,,https://www.douyin.com/user/MS4wLjABAAAAY_Bpw9MBP1A-ypd6tQILQzl7vsfrEamHw7DRA7qFVNY,,
7546665274905903931,祖国万岁！,紫发带,,未知,2025-09-06 01:55:41,1,0,0,北京,,https://www.douyin.com/user/MS4wLjABAAAAKljJEMYsAXDeUGM-H7GeDfwy3O5dfLZ7ZfGT1eemcIQ,,
7546656469145027385,祝福伟大祖国繁荣昌盛[玫瑰][玫瑰][玫瑰][666][666][666],星罗棋布,20220820NM,未知,2025-09-06 01:21:31,2,0,0,河南,,https://www.douyin.com/user/MS4wLjABAAAALBgBB-jLCmbf4xBt7sj0cnFyU7cRXBlfuNvFRBIGvVk,,
7546654528096158524,再看一遍[微笑],女人你在玩火,yigefangqizh,未知,2025-09-06 01:13:56,1,0,0,安徽,,https://www.douyin.com/user/MS4wLjABAAAAKrxlWMXIn1WhsfYTy5qngtgEsCkOegVosvA-2-3TUv1z4YnXb_FXmgNCT_W7F14D,,
7546652722893292303,牛逼,小罗呀,luo99.617,未知,2025-09-06 01:06:58,1,0,0,广东,,https://www.douyin.com/user/MS4wLjABAAAA9DQL2lI3oSd5bicbtMPRVr1S2NJCRfFnQ76XlXzL-TM,,
7546652650327999292,看一遍又一遍了,无情,,未知,2025-09-06 01:06:41,0,0,0,广东,,https://www.douyin.com/user/MS4wLjABAAAA4MBUTYURAY81G-pOrN3T--Qlh6JH8D4R726RYszHZqk,,
7546651333777048358,英姿飒爽，绝绝子[鼓掌][鼓掌][鼓掌]，赞不完，看不够.,给你“糖🍬”吃,Zhang197920,未知,2025-09-06 01:01:30,11,0,0,湖北,,https://www.douyin.com/user/MS4wLjABAAAA4pZK7W1eaVi_Vm8r5afLj9pZGB6vMDLTmz_M58QNnME,,
7546648814200161033,大家辛苦了,。？！,101899mmm,未知,2025-09-06 00:51:45,0,0,0,广西,,https://www.douyin.com/user/MS4wLjABAAAAi0e6dsv_CWgjsY-y_Yu0OspHq65Jccy1_2jjtMo9sqQ,,
7546648622570652466,祖国越来越强大，人民生活越来越好🎉,熊掌波清拨🥷,Axiong1880,未知,2025-09-06 00:50:59,1,0,0,贵州,,https://www.douyin.com/user/MS4wLjABAAAAN2WuYbr6CxgYyTQwH-hr1Y9rKwRQKref-5Sr-hQ3cMs,,
7546644127376491273,中国人民解放军万岁！,王百万,,未知,2025-09-06 00:33:35,7,0,0,江苏,,https://www.douyin.com/user/MS4wLjABAAAAkWKVSxcH4qQFCv498tIm3eyEwP9rerb4iP9mTa6Fc5NY2FwcYewRmmPYBTprgIuE,,
7546643451674346279,已经看了5次了[比心][比心][比心][比心][比心][比心][比心],梦想成真好,82673009714,未知,2025-09-06 00:31:40,5,0,0,广东,,https://www.douyin.com/user/MS4wLjABAAAA7TeQOUK01M3gIvrlWQvxdr2giFQ2LT-U2i8d4VIL0pE,,
7546651773332734780,祖国万岁[玫瑰][玫瑰][玫瑰][玫瑰][玫瑰][玫瑰][玫瑰],深圳市亘古桶装水服务中心,72131956290,未知,2025-09-06 01:03:17,3,0,0,广东,,https://www.douyin.com/user/MS4wLjABAAAAyDRh_wjacP3J92_G9wIHjOmYTHDPE9fJ5xyC-neC20wTdi1leguqaX7hCCuQNuFr,,
7546643337908110140,再看一次哦[呲牙][呲牙][呲牙][呲牙],Mortal.,29968774622p,未知,2025-09-06 00:30:32,0,0,0,江苏,,https://www.douyin.com/user/MS4wLjABAAAAe349B7FO4g7K_cZJFyDz0odXGhR4VmLjk-X0PKTDOuo,,
7546764212740719411,只要刷到就会看 根本看不腻,我姑娘叫萱萱🌸,,未知,2025-09-06 08:19:32,29,0,0,河北,,https://www.douyin.com/user/MS4wLjABAAAAzfLrNUMrJRBEXZfY1bZ9aW3YUTRACfw93G6g_higqtI,,
7546747132643640124,百看不厌[赞][赞][赞],ღ想想妈້໌࿐ 批发灯具,y188539,未知,2025-09-06 07:13:18,1,0,0,山东,,https://www.douyin.com/user/MS4wLjABAAAAlvmMo9WJJWP-2YvxyFYTCE7_RPBvITqtVNHKkcRCB1dhqulAB4OaoLmTPTJD7GI8,,
7546755579647312699,[玫瑰][玫瑰][玫瑰],颜,yan4161774,未知,2025-09-06 07:46:03,1,0,0,山东,,https://www.douyin.com/user/MS4wLjABAAAAKptXGgeaR1qGlP4qK66gdV-9ROrnCYTwA6CMcCBbru5Yhhyi0MyRIgSNyDlir9kH,,
7546694810398016310,为什么我看得热泪盈眶,筠州鱼🐟虾🦞乐,xiaobudian970102,未知,2025-09-06 03:50:20,1016,0,1,四川,,https://www.douyin.com/user/MS4wLjABAAAAMwW4M9UjDx4AgjvfLcaMzuQen3A6uDyTkERjlgU_ywE,,
7546746985903686436,我才发现联勤保障部队后面有女兵,纯情的汉子,qiujing0011,未知,2025-09-06 07:12:44,345,0,1,广东,,https://www.douyin.com/user/MS4wLjABAAAA35epr2o-BIFBv4tTVCo0kJnX7T0UI7NPLAE0jpEy1ik,,
7546765482805281593,天天早起看一遍，一天的精神来了[呲牙],sunxx,,未知,2025-09-06 08:24:28,100,0,0,安徽,,https://www.douyin.com/user/MS4wLjABAAAA2KzWDxDRvHusRCqW0RFh3SwzeiN2gNPGdYYAXtQrH4s,,
7546605224967897865,估计他们的脚都磨破血了，不愧是军人[赞],火🔥凤凰,dy149avhod5n,未知,2025-09-05 22:02:34,479,0,7,贵州,,https://www.douyin.com/user/MS4wLjABAAAA1iM0TpYzz7E2X2xErr_nAOJrI5fmBXZ3ax6mv-QwCQ7CXVNkMnpO_dVGPUcGhmXQ,,
7546611144993440558,看不够，又看了一遍[微笑][微笑][微笑],法师来拿篮🧺,Kang25926674,未知,2025-09-05 22:25:33,141,0,6,山东,,https://www.douyin.com/user/MS4wLjABAAAAuKynBQf6rjA72hO7F5cy3gem6JJgdXzBKNMMNuu2crY,,
7546643006385029922,本人有幸全程参与了本次阅兵的点赞工作[玫瑰],张冠李戴的王,,未知,2025-09-06 00:29:12,334,0,0,河南,,https://www.douyin.com/user/MS4wLjABAAAAsZJh-hFcS_rp6yKRxzqtKmep7_0jUXvR0Bky_PGx48I,,
7546770696597717794,分列式开始调整队型的时候合唱团演唱的歌曲叫什么名字呀？[送心],蝴蝶之羽翼,,未知,2025-09-06 08:44:42,27,0,0,重庆,,https://www.douyin.com/user/MS4wLjABAAAAoD9hQKL61olMcjYoUMb5mN-DGE0KJHAswve19B3nN2g,,
7546761301389902649,"整齐划一，每看一遍都是热泪盈眶。
伟大的祖国！繁荣昌盛！
生在华夏何等荣耀。[赞][赞][赞][赞]",懿切随缘,dyxfr6bau3qm,未知,2025-09-06 08:08:14,61,0,0,黑龙江,,https://www.douyin.com/user/MS4wLjABAAAAdKEtS-g7ZnPHvXsROdyyQoGY81ANkvqsHS1XzGSRDzl7baKfNNG4ZbHsSJ0xhH4R,,
7546673554370609971,自卫还击战老兵报道[比心],梦醒人散,,未知,2025-09-06 02:27:51,66,0,0,云南,,https://www.douyin.com/user/MS4wLjABAAAAq91Fpjjdtp7uC8H6u8Phe1q5OA6_8-GUpW058axFqtE,,
7546620182052012859,不是70 分钟吗,制裁,42687578229,未知,2025-09-05 23:00:36,55,0,3,江苏,,https://www.douyin.com/user/MS4wLjABAAAA32eiH1PBZdFQBDyc7eU8wcmDguIBoizdSsL2H8oe2NyF6fEge5ABQrKx9DReY9Me,,
7546770453319205691,不知道为啥，今天让我热泪盈眶[流泪],风调雨顺,,未知,2025-09-06 08:43:44,25,0,0,浙江,,https://www.douyin.com/user/MS4wLjABAAAAevNzSW3Z4lJyD1bAC1Xn-H46iDPQWN55-s6GL4rJheg,,
7546688419268608814,覆盖全球🌍[胜利],王者之心,57209795994,未知,2025-09-06 03:25:32,23,0,0,广东,,https://www.douyin.com/user/MS4wLjABAAAAkdsJt1sAa_hW9afWS4sypZ9vqvHC3_T0pCWDGN0nzIX7eITsOGYSXtDUz1e_Txw3,,
7546736689323262778,起早又看了一遍热血沸腾[泣不成声][泣不成声][泣不成声],Hi๓๓💫,tp95589_,未知,2025-09-06 06:32:45,45,0,0,北京,,https://www.douyin.com/user/MS4wLjABAAAAFIlNXERf2edDta_uZmPghUFiAWCGFKxcR7nZD19cq1w,,
7546643391419269947,当时直播跟着唱过歌的那刻，我哽咽泪目了。,灿烂烟花🔆,Co1a.li,未知,2025-09-06 00:30:44,61,0,0,贵州,,https://www.douyin.com/user/MS4wLjABAAAAj4QcadqPSXjq1_CwYhiX9mBaAzj-nZEPOpQlkldffvY,,
7546751474320294713,我都数不清看了几遍了，只要刷到就看一遍！,蓝月,,未知,2025-09-06 07:30:06,48,0,0,山东,,https://www.douyin.com/user/MS4wLjABAAAA6pyCrtoaI0zwp9WRSum5ICkXI03ySFfpAJXnm_vjKfY,,
7546626268725953320,我是来听覆盖全球的[赞],牛哥在北京@,,未知,2025-09-05 23:24:15,108,0,0,北京,,https://www.douyin.com/user/MS4wLjABAAAAhCNqxMuedtcpID7PnMcrx6e4PwHG492BNAjWfbOoRcE,,
7546642490520224522,生是中国人，死是中华魂[爱心手],叶子🍀,yq15800303988,未知,2025-09-06 00:27:14,54,0,0,江苏,,https://www.douyin.com/user/MS4wLjABAAAAf3HwCoouFd0my2zM4eHVP7VKCh2Ei-31GE5uJkYEwbQ,,
7546768626642633532,愿祖国永远这样铿锵有力的走下去。,用户,86966982115,未知,2025-09-06 08:36:41,12,0,0,江苏,,https://www.douyin.com/user/MS4wLjABAAAAv_nqBl-I4NonMmoY5OXqJ2K2StgK9e-9AaDr7MGOKfPBjqzh_2p2FZcJC_i7-F3x,,
7546746900595294991,听党指挥  能打胜仗   作风优良   正义必胜    和平必胜   人民必胜,人海里的我,2009722ma,未知,2025-09-06 07:12:22,49,0,0,河南,,https://www.douyin.com/user/MS4wLjABAAAAxdNEkZJPhVEqIvZ8GXOax3V3KVQwNYBTNvnO3EafwFyPxyNDCs6EVZTCkt84TTrm,,
7546724454366790458,每一次看都是心血澎湃,利利素颜,0712888RS7,未知,2025-09-06 05:45:18,15,0,0,云南,,https://www.douyin.com/user/MS4wLjABAAAAfrxday-MZpoyday50AV21GeLDAtZvk-CE4dt-aBKBWM,,
7546751688482276131,根本看不够[赞][赞][赞],心满意足,,未知,2025-09-06 07:30:58,10,0,0,湖南,,https://www.douyin.com/user/MS4wLjABAAAAJK75vLpCuLjESwzHU-3ouKcBnshB9Wgljncmd0CyyX0,,
7546639398117606201,看一遍又一遍，太震撼了[赞][赞][赞],理琳,ZG891027,未知,2025-09-06 00:15:11,31,0,0,云南,,https://www.douyin.com/user/MS4wLjABAAAAwzW6iTt5QTm90n9HMmBvIDb_hq6t8og03omfFkX2pUg,,
7546659554806367018,有幸生于华夏  骄傲自豪[玫瑰][玫瑰][玫瑰][玫瑰][玫瑰],霉泥不行ya,,未知,2025-09-06 01:33:28,25,0,0,广东,,https://www.douyin.com/user/MS4wLjABAAAA8ZT2fl3bhRwFAYJjOex5H_elKf2WpWmcNo2R57vB2aE,,
7546747713758495547,我去，那炮弹车我还以为是轰炸区呢[黑脸][黑脸][黑脸],洄墟咒,63021321668,未知,2025-09-06 07:15:33,20,0,0,山东,,https://www.douyin.com/user/MS4wLjABAAAASmYDs8a8eVcBRpxoTzfw1T5rI1VpVL1E3ApykpRmKao,,
7546688309331428153,看的热血沸腾，中国🇨🇳解放军[赞][赞][赞][赞],丘芭比母捏牛（大耳贼刘备）,cyj521104,未知,2025-09-06 03:25:07,14,0,0,陕西,,https://www.douyin.com/user/MS4wLjABAAAATUgp6rBOmoaW7_tRdJjb84rFL5umgpTWx84MP16_Hjg,,
7546700264569946939,太热血了,糊涂芳芳,,未知,2025-09-06 04:11:29,5,0,0,福建,,https://www.douyin.com/user/MS4wLjABAAAAfzZ4gSU7fN-CC5m7J9TBdDF_ZYhbJ3l8lZPVFFKOs4w,,
7546604674146566970,海陆空都有无人机,壁虎🦎,AU888388,未知,2025-09-05 22:00:26,10,0,0,广西,,https://www.douyin.com/user/MS4wLjABAAAA5PIHxqIkSQ_ns6erGU_9-jtXX0zdwDER6m1sQmJUiOY,,
7546664926320968508,大晚上我带耳机来看[快哭了][快哭了][快哭了]，太震撼了,？,,未知,2025-09-06 01:54:18,10,0,0,广东,,https://www.douyin.com/user/MS4wLjABAAAAL951gq5zFsFEA4ihFXLPW8zIRnOgEV_6ZW4Di9vk_30,,
7546811252249756459,看的我满腔热血[抱抱你],24h🉐️粥入口宝宝,aniu.19490.,未知,2025-09-06 11:22:05,0,0,0,湖南,,https://www.douyin.com/user/MS4wLjABAAAA_aF8y3uKws_fxBj47Yi5YEr_nkCHHvfkYA5WB8fu_n0,,
7546766008942691132,祖国万岁[赞][赞][赞][赞][赞][赞],ℒ往Ꭽℯ⃝后ℒ余Ꭽ生࿐,HW1519166,未知,2025-09-06 08:26:30,3,0,0,陕西,,https://www.douyin.com/user/MS4wLjABAAAAZ3Y9kd_TuRRleedyxMuhJJx5Qdhj00iOrcatewZC-xM,,
7546759717331518249,何其有幸，生于华夏，祖国万岁[玫瑰],别看我只是一只杨🐏,,未知,2025-09-06 08:02:06,5,0,0,广东,,https://www.douyin.com/user/MS4wLjABAAAAGu7n8bXAmhnrEXYpCdjd5s9beDrlUHsdOlr5TrjOAJA,,
7546754333435724590,[赞][赞][赞],一千种不放心,,未知,2025-09-06 07:41:13,0,0,0,河北,,https://www.douyin.com/user/MS4wLjABAAAAlsBAkEgtlcTb67m2y5f3gzVaaOHnaVqCNNhEJEK7pTA,,
7546753035117347599,祖国万岁,💋᭄ℒᎭℯ⃝娜姐ℒᎭ࿐,65209162117,未知,2025-09-06 07:36:32,0,0,0,贵州,,https://www.douyin.com/user/MS4wLjABAAAAzRgNEIpAB1QSZ3LlAM_hKOzNRAwtTysJm-diK5yqqZr-ra5XGPs-0TOwzGgri5PK,,
7546752410343047962,[赞][赞][赞],今晚捉迷藏,cao1470079,未知,2025-09-06 07:33:45,0,0,0,广东,,https://www.douyin.com/user/MS4wLjABAAAADNCA2PqzMf4cAwPJpzkGUkZBibYY9vF8MQoTbATF6rigpEj94eqhsN_JXsR2_E1C,,
7546751998390092582,万看不厌！为伟大的祖国点赞[赞][赞][赞][赞][赞][赞],用户75776864,dya06kxrbe1p,未知,2025-09-06 07:32:37,0,0,0,湖北,,https://www.douyin.com/user/MS4wLjABAAAAOgM7oGcKIlskxlaBw9FQ9vVVW76g0L92VU7p0AxIWZcHqVhg0Nk1SuIcYr39Fe19,,
7546751980242404136,又是热泪盈眶的一天,木昜家人,60643748056,未知,2025-09-06 07:32:08,0,0,0,广西,,https://www.douyin.com/user/MS4wLjABAAAAwOd168EJ-ulvQkb-A64q2pzyG3CzAZlUvntWGxuUTT1TyPIO3LZzpqKiM9ZZwoRp,,
7546751197253026601,[赞][赞][赞],暖暖@,yin5919053,未知,2025-09-06 07:29:03,0,0,0,江苏,,https://www.douyin.com/user/MS4wLjABAAAAf5YeiKKnYiFQkhHufrGj_a-K3Z1Ld6ZYdOCCYkNyUOzD-VQUdvxBnKnCXXhhQJJR,,
7546749813824520969,英雄们辛苦了,卍清净无垢圣洁清香莲花卍,yuan8503,未知,2025-09-06 07:23:39,0,0,0,广西,,https://www.douyin.com/user/MS4wLjABAAAAA0iPjZccL9aTmzXYb8n5rMa57EUrNMNxgsQ9TNs6C8I,,
7546749020850864942,中国人的骄傲！[比心][比心][比心][比心][比心][比心],家有两小只💞,,未知,2025-09-06 07:20:36,1,0,0,天津,,https://www.douyin.com/user/MS4wLjABAAAAi4h15SIe5BM8TfqTzKdeBrtPBpfStBF_St7SMkPxYT4,,
7546747681085145891,非常[赞],🌈爱播胡伯冰,yy8888888888880,未知,2025-09-06 07:15:27,0,0,0,四川,,https://www.douyin.com/user/MS4wLjABAAAAbORdkt875XSaqGaHx00zrkMAVC50VGwXGAFwBFxJNfE,,
7546741686702064447,为什么我的眼里常含泪水，因为我对这片土地爱的深沉，祖国万岁,小豆包,dysnjbjoz8ko,未知,2025-09-06 06:52:08,5,0,0,辽宁,,https://www.douyin.com/user/MS4wLjABAAAAA3SnKn_consxsl0fuLG5M9A7UoJbmNp5wTN8O8RH3lM,,
7546741627211236134,[赞][赞][赞][赞][赞],潘墩墩,46071430450,未知,2025-09-06 06:51:57,0,0,0,北京,,https://www.douyin.com/user/MS4wLjABAAAAqsN-51NN_MrRiQb8nRfNb5KlFYutHlmzzuq-9dP4LaU,,
7546741593015075641,这个必须赞[赞][赞][赞][赞],曌兲嚘兕尣,dyd4qrrq1wv0,未知,2025-09-06 06:51:48,1,0,0,上海,,https://www.douyin.com/user/MS4wLjABAAAAViy73CvTzO3M1Ilahmy5_xuZyTzx0zyz9bbkdafqrKr3JDqWuI9ZDtlfacj8ud84,,
7546736631459300155,看了一遍又一遍[赞][赞][赞][赞][赞][赞][赞][鼓掌][鼓掌][鼓掌][鼓掌]祖国万岁[比心][比心][比心][比心][比心][比心][比心][比心][比心],龍儿,,未知,2025-09-06 06:32:33,1,0,0,江苏,,https://www.douyin.com/user/MS4wLjABAAAAqkhkSKp79nHdoYUsSX03YQsyY5z3esSYjTqlttOghDg,,
7546735579356316454,[赞][赞][赞][赞][赞],人生如梦,70329947595,未知,2025-09-06 06:29:17,0,0,0,黑龙江,,https://www.douyin.com/user/MS4wLjABAAAA91hpyGAD89dYdk9xD3Nv-LoVsyMs9plrepxUDfQxx291mq0k73UoHHL-xxZLLXfe,,
7546735250644403004,祖国万岁，中国人民解放军万岁！！！,混世_魔王,,未知,2025-09-06 06:27:12,0,0,0,广东,,https://www.douyin.com/user/MS4wLjABAAAAviiEareUWKqhvfNboP32mS1LGFxBwjR4Y_VBzfv7pDg,,
7546734874993148698,祖国万岁[祈祷][祈祷][祈祷],正远,,未知,2025-09-06 06:26:10,0,0,0,湖北,,https://www.douyin.com/user/MS4wLjABAAAAeoUHo5FNInNGPU0To8K9mjf6cw9vgyh1lyAFKo4ljkI,,
7546625331131204387,为实现共产主义，我们奋斗！,有用广告,44875132768,未知,2025-09-05 23:35:31,1,0,0,湖南,,https://www.douyin.com/user/MS4wLjABAAAAbOzAHPK4N4I-6gx0VXAnXZdB2BNqSrDqIvElTU58xOw1SmwFZRh4MppHf4lfQ717,,
7546724155925152553,我看了N遍了,本宫代号007,liu1361394934,未知,2025-09-06 05:44:13,1,0,0,河南,,https://www.douyin.com/user/MS4wLjABAAAA9Emgo79f4K623Go7eox7TmpQFmc3IG8Xn7bLWlBMZLyNL6fa663KvUNwv6KCKnoJ,,
7546608665190417195,好帅,要一直好运,dalinDearLin,未知,2025-09-05 22:15:55,2,0,0,广西,,https://www.douyin.com/user/MS4wLjABAAAA8XpI6Bp1gcPbxFx8iQib5Xke7et37No08apUAtJ3A1I,,
7546625379441935130,[流泪]看不够,姒山君💦,,未知,2025-09-05 23:20:48,1,0,0,湖南,,https://www.douyin.com/user/MS4wLjABAAAAS5jPuSJ6ktRAfqoQhAz7WTKTAXdSeaFbeJsOugnw9Zg,,
7546634730503406390,牛牛牛牛牛牛牛牛牛牛牛牛牛,用户8917260298629,62926021232,未知,2025-09-05 23:57:05,0,0,0,宁夏,,https://www.douyin.com/user/MS4wLjABAAAAT1SgJWPVlCBXalH7N6Fp-csvGUgsypKrwMltctnyeysruWNvRDiMdtfmsIdAWqSY,,
7546635186096685882,祖国繁荣昌盛，我们也会越来越好[玫瑰][玫瑰][玫瑰][玫瑰],╃ོྂཾ࿆烈酒敬余生ོྂཾ࿆࿐,45743934575,未知,2025-09-05 23:58:50,0,0,0,四川,,https://www.douyin.com/user/MS4wLjABAAAAbLisDdmAM0W0bB3PFAZcJ5dGT0VfvBYZtWPD_dQtcXU,,
7546634935923393306,@,dbsjsbs,,未知,2025-09-05 23:57:53,0,0,0,上海,,https://www.douyin.com/user/MS4wLjABAAAA0mZCvW-2spnubMNbMK_5LgEQgwzkSgJAC9lw-VC6IG0,,
7546617099570987833,中国加油,酒店灯具复盛照明,FSLLR88808,未知,2025-09-05 22:48:39,0,0,0,广东,,https://www.douyin.com/user/MS4wLjABAAAAJX0M14Ca7qHBWQ2-mSd-Jy-w02ei9TTMLiM-JCrvbgg,,
7546731916751733567,强大的祖国[赞],家是巷弯,,未知,2025-09-06 06:14:15,0,0,0,安徽,,https://www.douyin.com/user/MS4wLjABAAAAOqBIJn76TXRHeMQQ-4KAYuW_R5nTTZ_6ISXmNTfTUl8,,
7546617909528003380,[赞]  [赞],用户8186,dyp33l0cduis,未知,2025-09-05 23:03:15,0,0,0,广西,,https://www.douyin.com/user/MS4wLjABAAAAPZHxZ0W_YgGxA0qU7YaXt46Sj1xmX5IeS2d3j35JfWU,,
7546624733673456410,[赞][赞][赞],A某人🙇,ww702905,未知,2025-09-05 23:18:16,0,0,0,广东,,https://www.douyin.com/user/MS4wLjABAAAABdNx74mEUbKlwWWi5SVtFKgxQzABOpbFbHApUkUn6uc,,
7546614702030668553,[赞][赞][赞][爱心][爱心][爱心],Hai.,LSH86668,未知,2025-09-05 22:39:20,0,0,0,广西,,https://www.douyin.com/user/MS4wLjABAAAAcMv2qE73UkntxiRbaWueHTOo9PTDY3CIvyzcLjYin6veTVs4aHBHs1XWAHHBiFZX,,
7546630365440721721,[赞][赞],天际那颗星星,,未知,2025-09-05 23:40:08,0,0,0,浙江,,https://www.douyin.com/user/MS4wLjABAAAAoNQ5Nevg4hljh1cull8t2nz6EL3udJIQDrJhoQMs4EY,,
7546608176176202546,[玫瑰][玫瑰][玫瑰][玫瑰][玫瑰][玫瑰],69387442582,,未知,2025-09-05 22:14:01,0,0,0,浙江,,https://www.douyin.com/user/MS4wLjABAAAAShpY4vjeMOCzjOZeu-WtvjZwpxREnzD1qarcSHBCg-o,,
7546613994115793722,壮哉中国🇨🇳,feixue,feixue76307,未知,2025-09-05 22:36:35,0,0,0,河北,,https://www.douyin.com/user/MS4wLjABAAAA6xNEXCkITOx8FSQwMsbJezXUf5zaPUjmuxtYMR4FS2g,,
7546611045990466363,[666][666][666][666],在路上CNC,,未知,2025-09-05 22:25:09,0,0,0,山东,,https://www.douyin.com/user/MS4wLjABAAAA6p6RqVYuP3O9cnfYjcCIv7jzYel4SAA0bgvUCoTbJSc,,
7546609259158668090,@[鼓掌][鼓掌][鼓掌],上海鸿兴门窗,hehe20110222,未知,2025-09-05 22:18:13,0,0,0,上海,,https://www.douyin.com/user/MS4wLjABAAAAt7W3YsaOR0GaZ7BIsb9m5Gv4WQKYs0TMHEIPvR0vc0g,,
7546625127535575847,中国人民万岁,可爱的梅梅奶芙,haohao36873,未知,2025-09-05 23:19:49,0,0,0,浙江,,https://www.douyin.com/user/MS4wLjABAAAAbZTE57tXc10pziWwAHcOABLthRea4QhTRTEDpYCt0unrUvPrFcx04Ansp_UTNwTx,,
7546616570162021178,[赞][赞][赞][赞][赞][赞],就喝爽歪歪,dytxj3mockua,未知,2025-09-05 22:46:36,0,0,0,福建,,https://www.douyin.com/user/MS4wLjABAAAApMPD9KK-PynSrn1c7n5ZLtYpgbmp4qWnHwUWcG6MdqdT3KyP6dK043ZGxsX75L2w,,
7546636855731749692,@[赞][赞][赞][强壮][强壮],8,20809091545,未知,2025-09-06 00:05:19,0,0,0,新疆,,https://www.douyin.com/user/MS4wLjABAAAA1tQ03j3wt15ufckOb5Mb5mG8ZJp1z3HdfFyezKuFy7FkgSpIRxN1WyS67E4mpgMj,,
7546632015056765754,[赞][赞][赞][赞][赞][赞][赞],陈✘生,YYDSXRG,未知,2025-09-05 23:46:33,0,0,0,辽宁,,https://www.douyin.com/user/MS4wLjABAAAAWZ8GY9XITJqJ-Qz01ts3bG80-1cIFgUbVY3FuMeTZCU,,
7546636726429696826,[赞][赞][赞],一帆风顺,dy95rog39j6j,未知,2025-09-06 00:04:49,0,0,0,云南,,https://www.douyin.com/user/MS4wLjABAAAA_HkeKncUbH4m7hVCdYmRmfcj-IR9hS9-M4o4wyEsEnuXsG52FX9jBHiG8dW-hwVg,,
7546620042109256494,[鼓掌][鼓掌][鼓掌],化彪举,phZsZh4157173219,未知,2025-09-05 23:00:03,0,0,0,河南,,https://www.douyin.com/user/MS4wLjABAAAA95Kb1wuKqs8DT_6FSZs3GA5zCp2fXdChlHj83ojADDA,,
7546620117670724388,[爱心][爱心][爱心],广东阿谢,37337258214,未知,2025-09-05 23:00:24,0,0,0,广东,,https://www.douyin.com/user/MS4wLjABAAAA9CdhyNFvJPHZN2qvkzyTy-Bb29gf190hssEV0IgynCk,,
7546639919386657596,[玫瑰][玫瑰][玫瑰],232827279,54327300886,未知,2025-09-06 00:17:14,0,0,0,广西,,https://www.douyin.com/user/MS4wLjABAAAAdMx1KTCzQSS4lz8csBMC1d_dIG67psUPVLfXULvk0pI,,
7546614293593277211,🇨🇳,花花,,未知,2025-09-05 22:37:45,0,0,0,河南,,https://www.douyin.com/user/MS4wLjABAAAANxbuMcMJCiVXVmAzICD2ALtjGKxjL-P0X5sTTE2wKGA,,
7546610170014597915,[赞][赞][赞][赞][赞][赞][玫瑰],壹加壹优材供应链,sl860612,未知,2025-09-05 22:21:45,0,0,0,湖北,,https://www.douyin.com/user/MS4wLjABAAAATHQYUY1RzGBW4jHYQc-gSaM5QvlWsEo_qiZ4Gd9SLavsTR3fKmYHZLPOebYW2LJ9,,
7546628818610520890,[赞][赞][赞],平安,,未知,2025-09-05 23:34:07,0,0,0,北京,,https://www.douyin.com/user/MS4wLjABAAAAIGwxTE0fm8kQyur3l3kMcgsMHPR_mBmiSNH3IuHhLy0,,
7546615788125569802,[赞][赞],1824677429,,未知,2025-09-05 22:43:34,0,0,0,广东,,https://www.douyin.com/user/MS4wLjABAAAAGqQzfnf8kr2syMYyB223jpSPQHaaygHAUEw4WJgsGPk,,
7546603280892609330,[赞],璀璨指尖,,未知,2025-09-05 22:12:13,0,0,0,北京,,https://www.douyin.com/user/MS4wLjABAAAAZJD3vyIodTBiCixuF17QTK0xoQII0DPboiSzlE2KJkQ,,
7546726784462390054,看了一遍又一遍[偷笑][偷笑][偷笑][偷笑][偷笑],风雨踏梦行,78985903762,未知,2025-09-06 05:55:00,0,0,0,江苏,,https://www.douyin.com/user/MS4wLjABAAAANJH85hkbr3eFoEUKn9x09VhE9rTCl3whtzya73e5l1oop5cl-sUm_7rgJBrKb9mR,,
7546726405901353737,[赞][赞][赞][赞][赞][赞][赞][赞][赞][赞][赞][赞][赞][赞][赞][赞],用户4864299138031,,未知,2025-09-06 05:53:30,1,0,0,北京,,https://www.douyin.com/user/MS4wLjABAAAA4yw0GOMBxHNyObCK2fAAgsKcqQ-Qa7KmNcJlkhom1qo,,
7546724407973331758,我是中国人，我骄傲[赞][赞][赞],福如董海，紫气董来（董航海）,,未知,2025-09-06 05:45:05,2,0,0,四川,,https://www.douyin.com/user/MS4wLjABAAAAYWmyTg3ezzz51-ndElI4LfssI8u7-DMjqcqTEc0NmK4,,
7546633830120604476,[赞][赞][赞][赞][赞]伟大的祖国万岁,紫禁之巅,ql1126601815,未知,2025-09-05 23:53:34,1,0,0,山东,,https://www.douyin.com/user/MS4wLjABAAAAtk9bDmotdJ8FtwCVV9X3bWiwCLEvBFZT3aq7u6TOpkA,,
7546632242441913114,祖国万岁[赞][赞][比心][比心][比心],用户417894865110,63305085834,未知,2025-09-05 23:47:24,1,0,0,广东,,https://www.douyin.com/user/MS4wLjABAAAA5WtkysKaZk4Rr3R0oERDct2bBdO62e6MiwJTkEJen4k,,
7546631573430125322,祖国万岁[玫瑰][玫瑰][玫瑰][玫瑰][玫瑰][玫瑰],情,29526169768,未知,2025-09-05 23:44:49,1,0,0,广西,,https://www.douyin.com/user/MS4wLjABAAAA8f7mCl3s2gCRXxzQPagNuFUaKGIiMxYE76tAHObRCCE,,
7546630823823360826,听党指挥，能打胜仗，作风优良，正义必胜，和平必胜，人民必胜[玫瑰][玫瑰][玫瑰],小喆麻麻,,未知,2025-09-05 23:41:55,1,0,0,安徽,,https://www.douyin.com/user/MS4wLjABAAAAZKlUw4lIoNxf_JkixS2TsX07eyLzsxK8wGJ96BqQQC4,,
7546628101930648339,"何其有幸生于华夏[泣不成声]
祝祖国繁荣昌盛，国泰民安[玫瑰][玫瑰][玫瑰]",冷的别致,Li919224,未知,2025-09-05 23:31:22,2,0,0,江苏,,https://www.douyin.com/user/MS4wLjABAAAAdka4uWE8k20P_M2nU300k4h84TJBSImHGMnlxm_VoWizbN8dFE7LyV3lHgBipDvr,,
7546616850135630611,祖国万岁，爱我中华[爱心][爱心][爱心],茉莉清茶、,dytvwsoq1oyg,未知,2025-09-05 22:47:43,3,0,0,广东,,https://www.douyin.com/user/MS4wLjABAAAAYpu3-J_9Sh7_j3U6XpOtb9YmC0CovwF14AuPVhRtx7uU_xMUAN2mEp_yVpm3S9dJ,,
7546614416532767547,厉害了我的国[赞][赞][赞],熊猫学长,,未知,2025-09-05 22:38:14,2,0,0,浙江,,https://www.douyin.com/user/MS4wLjABAAAAbiQG2XSSOyWmIT1iVzElbCq0v24nhC8CF_fI5g-6wqTwnO6cWcrffSB8HUqAS2nT,,
7546614241709540155,祖国万岁[赞][赞][比心][比心][比心],用户6270664802878,,未知,2025-09-05 22:37:32,1,0,0,河北,,https://www.douyin.com/user/MS4wLjABAAAA75hWK9NUw-UJERtJDAG1Pjfib-6fyHra3Q0sjw3n-jg,,
7546608462286684963,[赞][赞][赞],七安：,,未知,2025-09-05 22:15:46,0,0,0,陕西,,https://www.douyin.com/user/MS4wLjABAAAAV9Nv3rFmbM5m_RMu345LX-zFsu5iog_GUz-uOaHC6yM,,
7546608422583010106,热乎的[送心][比心][玫瑰],和楽2O8O,Tank101_Clarkho,未知,2025-09-05 22:14:58,2,0,0,安徽,,https://www.douyin.com/user/MS4wLjABAAAAhwNaywkvv27MNU3cFFBZ_nhWmS2rsDEGNby6QaK6KXo,,
7546608024790844200,[赞][赞][赞][赞]大中华！,博观→_→薄发,,未知,2025-09-05 22:13:26,2,0,0,广东,,https://www.douyin.com/user/MS4wLjABAAAATuWtM_2ASTe-BIV-0qcRf1vxl-uyS8zSN1nbr95LaTQ,,
7546607260702737210,[玫瑰][玫瑰]我的国[666][666][666][666][666][666][666][比心][比心][比心][比心][比心][比心][比心][比心],高调搬砖,,未知,2025-09-05 22:10:28,7,0,1,江西,,https://www.douyin.com/user/MS4wLjABAAAAnx97TgRJyld6BtFTpP_TVLctHJ1zZjsJnvHqvBmF_FY,,
7546605101608420134,祖国万岁，和平万岁 [爱心]  [爱心]  [爱心],奈若何-夏天,nairuohexiat58,未知,2025-09-05 22:09:52,6,0,0,福建,,https://www.douyin.com/user/MS4wLjABAAAAio1mbJXAaG6QY6Tdx8zQxPWavE4eVXwgB3y4dnvRtYQEM-SURIRKbgiM-HU55QAx,,
7546603412176569145,爱我中华[爱心][爱心][爱心],录q,,未知,2025-09-05 21:55:31,5,0,0,浙江,,https://www.douyin.com/user/MS4wLjABAAAARNdpBG_F-Gk4xXC5c6apEzfjW4wdeHMNX7M5eMECwrY,,
7546770320130261817,666,健哥,,未知,2025-09-06 08:43:14,1,0,0,江苏,,https://www.douyin.com/user/MS4wLjABAAAAhoyKKGGnu0qz090DjGlCSFrVAFiaEfUPP47KRtMzzno,,
7546770306251129657,祖国万岁！祝愿祖国越来越强[感谢][感谢][鼓掌][鼓掌][鼓掌],风调雨顺,,未知,2025-09-06 08:43:12,5,0,0,浙江,,https://www.douyin.com/user/MS4wLjABAAAAevNzSW3Z4lJyD1bAC1Xn-H46iDPQWN55-s6GL4rJheg,,
7546770035517178624,[赞][赞][赞][赞][赞][赞][赞][赞][赞][赞][赞][赞][赞][赞][赞][赞][赞][赞][赞],心满意足,25790085366,未知,2025-09-06 08:42:50,1,0,0,江苏,,https://www.douyin.com/user/MS4wLjABAAAAz-Q-MQwFKkxXmTU9tvdoeV2iI-DuGD9Su6_wIv3ugC8,,
7546767564358501177,不止你，谁都看了会激动的,..勝               ༽,jinnanshengzi,未知,2025-09-06 08:32:32,112,0,0,天津,,https://www.douyin.com/user/MS4wLjABAAAApMyZmbw9aStf4gWXZ1nV1HR9YwyCkwnfr314DjwWPo0,7546694810398016310,未知
7546769036426019643,肯定有女兵呀  军医也是保障部队，医护兵肯定不少女兵滴[赞],长忆勿忘,ngx505774836,未知,2025-09-06 08:38:16,137,0,0,广东,,https://www.douyin.com/user/MS4wLjABAAAAJGa45KGCt5JvRoTsbNXIn8ePJTfWvdolzsdnGdLcUOI,7546746985903686436,未知
7546605839924331303,肯定的  脚和大腿内侧都会磨破,哈哈ｸﾞｯ!(๑•̀ㅂ•́)و✧,56313816520,未知,2025-09-05 22:04:58,105,0,0,山东,,https://www.douyin.com/user/MS4wLjABAAAAX9ajFcwlTIQRf1obRSTIJi5hPoDM4Zu8eMrzn8nSrflcKi8QGqaRd2SkQFgxlNOx,7546605224967897865,未知
7546701390136869690,那是你没选对好的内裤，布料好的内裤怎么湿大腿都不会磨破,江湖人称平头哥,WQ281744576,未知,2025-09-06 04:15:52,27,0,0,广东,,https://www.douyin.com/user/MS4wLjABAAAAH3y-I6IU2r9jRHcAC3IBmP1TVxFeulItSh7f9LbBStE,7546605224967897865,哈哈ｸﾞｯ!(๑•̀ㅂ•́)و✧
7546769070218167059,是磨出坑来，大部分人都不可能坚持下来,煮mang咕嘟,dypgzlshl3j7,未知,2025-09-06 08:38:53,25,0,0,云南,,https://www.douyin.com/user/MS4wLjABAAAAG4rz2SfFJ6fEOF_xlyM48Qyc9pD87Iz36ll4VJDZREg,7546605224967897865,未知
7546629472273285931,单手托枪手腕伤害最大,用户8513464649044,85631849247,未知,2025-09-05 23:36:45,2,0,0,四川,,https://www.douyin.com/user/MS4wLjABAAAAssmFgloxOlVz794xR_kYcsvTkuoQAO2w4oXGdGjS_n2L0bFG9LV8LqntPC9F-EWt,7546605224967897865,未知
7546661440296928035,不懂可以去查一下,随便选一个,suibianxuany21,未知,2025-09-06 01:40:52,2,0,0,福建,,https://www.douyin.com/user/MS4wLjABAAAAV6e3jUzG1U_fkoHsGCLcfpnYG7C-DssQKX1lBkf7fyE,7546605224967897865,𓃟𓆝𓆟𓆜𓆞𓆝𓆟𓆜𓆞𓆡
7546623101162292011,怎么就不至于了？[捂脸],山和晚風,92054588805,未知,2025-09-05 23:11:57,4,0,0,山东,,https://www.douyin.com/user/MS4wLjABAAAAtv8W2UNu4vdQYt7M_kj850Y4oq3PNAulteHA21ucr18,7546605224967897865,𓃟𓆝𓆟𓆜𓆞𓆝𓆟𓆜𓆞𓆡
7546622370611741499,这里面好多大学生,大王,dye3629,未知,2025-09-05 23:09:07,13,0,0,山东,,https://www.douyin.com/user/MS4wLjABAAAAnAlWSEPwOwlUT6xtXo8xyIqmxkOa139ndDpAiVNu2Bo,7546605224967897865,𓃟𓆝𓆟𓆜𓆞𓆝𓆟𓆜𓆞𓆡
7546656024485479225,我现在慢慢看，,？,,未知,2025-09-06 01:19:45,15,0,0,广东,,https://www.douyin.com/user/MS4wLjABAAAAL951gq5zFsFEA4ihFXLPW8zIRnOgEV_6ZW4Di9vk_30,7546649228476891914,未知
7546673998495957769,看3遍了 还是激动,苗儿妈🦄,73570011923,未知,2025-09-06 02:29:40,19,0,0,辽宁,,https://www.douyin.com/user/MS4wLjABAAAAaTu_xKCfSM_3ZmKgCO3xt_DmO_Canqz4sHlGs7kU68U4exOcCUVDLMQxNollEqhR,7546649228476891914,？
7546678259296650044,我刚刚看完,？,,未知,2025-09-06 02:46:06,5,0,0,广东,,https://www.douyin.com/user/MS4wLjABAAAAL951gq5zFsFEA4ihFXLPW8zIRnOgEV_6ZW4Di9vk_30,7546649228476891914,苗儿妈🦄
7546683432904327987,有时候感觉女生比男人还爱国[捂脸],ゞ 正在缓冲99%,,未知,2025-09-06 03:06:19,0,0,0,湖北,,https://www.douyin.com/user/MS4wLjABAAAA3IOc_oL0VbpQQg4iicCuZrZplQXLmBHh22yeSmXWAGU,7546649228476891914,苗儿妈🦄
7546689517655819018,覆盖全国，太牛了激动人心自豪死啦！,苗儿妈🦄,73570011923,未知,2025-09-06 03:29:48,2,0,0,辽宁,,https://www.douyin.com/user/MS4wLjABAAAAaTu_xKCfSM_3ZmKgCO3xt_DmO_Canqz4sHlGs7kU68U4exOcCUVDLMQxNollEqhR,7546649228476891914,ゞ 正在缓冲99%
7546703275904172842,[玫瑰][玫瑰][玫瑰],时过境迁心难沉,liqun60335,未知,2025-09-06 04:23:50,0,0,0,黑龙江,,https://www.douyin.com/user/MS4wLjABAAAARZOZvb2L8Oi54sUlYmPnQfSaKUR-iIRpfmNHj_MxwiZXbuc44geAJQ6xRSqSntHN,7546649228476891914,苗儿妈🦄
7546731202653258555,是覆盖全球🌐,🪽雪落成殇🪽,ding15733432160,未知,2025-09-06 06:11:27,1,0,0,河北,,https://www.douyin.com/user/MS4wLjABAAAAAGArE8RaWFCSKMgPGuNcSwLo67YPrhl5TEojwvkX_J_GNIZTxGFeVEztUffaFyu2,7546649228476891914,苗儿妈🦄
7546765221014209318,对，打错了 一个字差太多意思了,苗儿妈🦄,73570011923,未知,2025-09-06 08:23:27,0,0,0,辽宁,,https://www.douyin.com/user/MS4wLjABAAAAaTu_xKCfSM_3ZmKgCO3xt_DmO_Canqz4sHlGs7kU68U4exOcCUVDLMQxNollEqhR,7546649228476891914,🪽雪落成殇🪽
7546740174308066107,和你一样,小懒虫🇨🇳,36481328875,未知,2025-09-06 06:46:17,0,0,0,江苏,,https://www.douyin.com/user/MS4wLjABAAAAu_IdqQcGP5D7QUcnr1xmPgX7F6V7tlr7zTMgAIIUeLxGkImyyQJOhK7-xInyZaXa,7546649228476891914,未知
7546733416911160099,我也是[泪奔],：-,csydgg,未知,2025-09-06 06:20:04,1,0,0,四川,,https://www.douyin.com/user/MS4wLjABAAAA4dsWtZH2-Ea9DO4-hBPunosoaU4hj5PoWOti1cGAPvSVXlLXkzmfRRqP6pBkbz5U,7546649228476891914,未知
7546717143254745897,1,Hello Kitty.,yzy20031205.,未知,2025-09-06 05:17:05,1,0,0,江苏,,https://www.douyin.com/user/MS4wLjABAAAABzvUQUkoOAHGylNXHW8Iz6IJjrJXLQzXdQZ-RsX5G3s,7546649228476891914,未知
7546703760086500135,我也在看,仗剑护佑的刘将军,zhangjiantianyan,未知,2025-09-06 04:25:04,1,0,0,云南,,https://www.douyin.com/user/MS4wLjABAAAAx5u__6p8TX-qfL9AD3ve7Z5Ww53u82eeEU-XLHD7Re48C1y06gs7tUTiejDDXG8o,7546649228476891914,未知
7546694442104308530,正在看[流泪],华天好运来批发行,,未知,2025-09-06 03:48:55,0,0,0,广东,,https://www.douyin.com/user/MS4wLjABAAAAPNPBPWGOhuQHqXAY28luFrKxvQJW0cp_2LdKl9MWj20,7546649228476891914,未知
7546622475984487228,80周年80分钟啊,大王,dye3629,未知,2025-09-05 23:09:31,17,0,0,山东,,https://www.douyin.com/user/MS4wLjABAAAAnAlWSEPwOwlUT6xtXo8xyIqmxkOa139ndDpAiVNu2Bo,7546620182052012859,未知
7546649878236250940,就是90分钟一个半小时,日落Sunset.,44716160898,未知,2025-09-06 00:55:53,29,0,0,江苏,,https://www.douyin.com/user/MS4wLjABAAAAkOOQwTzHti-DSz2qeCrRvDW6X2PZDR6mVk5r5yiUMFkw3OhJWSVKdqiNManXVm4B,7546620182052012859,大王
7546751066589053753,一个小时26分钟,俩公主的妈,,未知,2025-09-06 07:28:33,11,0,0,山东,,https://www.douyin.com/user/MS4wLjABAAAAirAKocXKRG2B4Ve8b17m5auJEqVCHeb56Klch5uD9tw,7546620182052012859,大王
7546758908262482745,俺不一样,琳祎桉＾,63185680488,未知,2025-09-06 07:58:56,5,0,0,广东,,https://www.douyin.com/user/MS4wLjABAAAApf5rNqFj2hgcRT4ZGnuqXROCd5TpUliaCuf9HQOxUqQ0yOdwKCIPzn54zkfSRgOb,7546611144993440558,未知
7546669352448181011,俺也一样,人之初,,未知,2025-09-06 02:11:30,3,0,0,广东,,https://www.douyin.com/user/MS4wLjABAAAAFvO3WjWlOJzuKk7X39SCsDHBfoJQE8r69_B7yLKxXQc,7546611144993440558,未知
7546665884845146906,俺也一样,核蔼可氢,,未知,2025-09-06 01:57:59,3,0,0,河南,,https://www.douyin.com/user/MS4wLjABAAAAZ443sFjYYutVMOuLB9NioYrGCMw6plT2mutl12x1SmU,7546611144993440558,未知
7546660764057715513,俺也一样,張,,未知,2025-09-06 01:38:11,2,0,0,云南,,https://www.douyin.com/user/MS4wLjABAAAACVRWTBpK9X8b-g--_QxGxDsLs46cio89Jh8CZ97wx0g,7546611144993440558,未知
7546638033548002074,俺也一样,奥迪蒙不是西蒙,ruidibenrenb,未知,2025-09-06 00:09:55,2,0,0,浙江,,https://www.douyin.com/user/MS4wLjABAAAAnD94M85W89v2pjx_VSNPu9ZaVTCvUzOGvfvrQY1Q8AI,7546611144993440558,未知
7546659673891685177,俺也一样,用户7858216252384,85384749602,未知,2025-09-06 01:33:59,0,0,0,四川,,https://www.douyin.com/user/MS4wLjABAAAA4b2cshixTEj_xMo2MWkRBdJPGVNCUEgy1W0dsyAF95IJqvr2oiRPcfxN-k6xgTW4,7546611144993440558,奥迪蒙不是西蒙
7546734504238383912,我在单位全程观看，今天中午又温习了一遍,十一K啊,Aoe_11,未知,2025-09-06 06:24:21,0,0,0,内蒙古,,https://www.douyin.com/user/MS4wLjABAAAAIR74IZHKCRGKv3nNVHk_fyv6FvArfhMlNwx0P41IQgQ,7546684637024928572,未知
7546767564358501177,不止你，谁都看了会激动的,..勝               ༽,jinnanshengzi,未知,2025-09-06 08:32:32,112,0,0,天津,,https://www.douyin.com/user/MS4wLjABAAAApMyZmbw9aStf4gWXZ1nV1HR9YwyCkwnfr314DjwWPo0,7546694810398016310,未知
7546769036426019643,肯定有女兵呀  军医也是保障部队，医护兵肯定不少女兵滴[赞],长忆勿忘,ngx505774836,未知,2025-09-06 08:38:16,137,0,0,广东,,https://www.douyin.com/user/MS4wLjABAAAAJGa45KGCt5JvRoTsbNXIn8ePJTfWvdolzsdnGdLcUOI,7546746985903686436,未知
7546605839924331303,肯定的  脚和大腿内侧都会磨破,哈哈ｸﾞｯ!(๑•̀ㅂ•́)و✧,56313816520,未知,2025-09-05 22:04:58,105,0,0,山东,,https://www.douyin.com/user/MS4wLjABAAAAX9ajFcwlTIQRf1obRSTIJi5hPoDM4Zu8eMrzn8nSrflcKi8QGqaRd2SkQFgxlNOx,7546605224967897865,未知
7546701390136869690,那是你没选对好的内裤，布料好的内裤怎么湿大腿都不会磨破,江湖人称平头哥,WQ281744576,未知,2025-09-06 04:15:52,27,0,0,广东,,https://www.douyin.com/user/MS4wLjABAAAAH3y-I6IU2r9jRHcAC3IBmP1TVxFeulItSh7f9LbBStE,7546605224967897865,哈哈ｸﾞｯ!(๑•̀ㅂ•́)و✧
7546769070218167059,是磨出坑来，大部分人都不可能坚持下来,煮mang咕嘟,dypgzlshl3j7,未知,2025-09-06 08:38:53,25,0,0,云南,,https://www.douyin.com/user/MS4wLjABAAAAG4rz2SfFJ6fEOF_xlyM48Qyc9pD87Iz36ll4VJDZREg,7546605224967897865,未知
7546629472273285931,单手托枪手腕伤害最大,用户8513464649044,85631849247,未知,2025-09-05 23:36:45,2,0,0,四川,,https://www.douyin.com/user/MS4wLjABAAAAssmFgloxOlVz794xR_kYcsvTkuoQAO2w4oXGdGjS_n2L0bFG9LV8LqntPC9F-EWt,7546605224967897865,未知
7546661440296928035,不懂可以去查一下,随便选一个,suibianxuany21,未知,2025-09-06 01:40:52,2,0,0,福建,,https://www.douyin.com/user/MS4wLjABAAAAV6e3jUzG1U_fkoHsGCLcfpnYG7C-DssQKX1lBkf7fyE,7546605224967897865,𓃟𓆝𓆟𓆜𓆞𓆝𓆟𓆜𓆞𓆡
7546623101162292011,怎么就不至于了？[捂脸],山和晚風,92054588805,未知,2025-09-05 23:11:57,4,0,0,山东,,https://www.douyin.com/user/MS4wLjABAAAAtv8W2UNu4vdQYt7M_kj850Y4oq3PNAulteHA21ucr18,7546605224967897865,𓃟𓆝𓆟𓆜𓆞𓆝𓆟𓆜𓆞𓆡
7546622370611741499,这里面好多大学生,大王,dye3629,未知,2025-09-05 23:09:07,13,0,0,山东,,https://www.douyin.com/user/MS4wLjABAAAAnAlWSEPwOwlUT6xtXo8xyIqmxkOa139ndDpAiVNu2Bo,7546605224967897865,𓃟𓆝𓆟𓆜𓆞𓆝𓆟𓆜𓆞𓆡
7546758908262482745,俺不一样,琳祎桉＾,63185680488,未知,2025-09-06 07:58:56,5,0,0,广东,,https://www.douyin.com/user/MS4wLjABAAAApf5rNqFj2hgcRT4ZGnuqXROCd5TpUliaCuf9HQOxUqQ0yOdwKCIPzn54zkfSRgOb,7546611144993440558,未知
7546669352448181011,俺也一样,人之初,,未知,2025-09-06 02:11:30,3,0,0,广东,,https://www.douyin.com/user/MS4wLjABAAAAFvO3WjWlOJzuKk7X39SCsDHBfoJQE8r69_B7yLKxXQc,7546611144993440558,未知
7546665884845146906,俺也一样,核蔼可氢,,未知,2025-09-06 01:57:59,3,0,0,河南,,https://www.douyin.com/user/MS4wLjABAAAAZ443sFjYYutVMOuLB9NioYrGCMw6plT2mutl12x1SmU,7546611144993440558,未知
7546660764057715513,俺也一样,張,,未知,2025-09-06 01:38:11,2,0,0,云南,,https://www.douyin.com/user/MS4wLjABAAAACVRWTBpK9X8b-g--_QxGxDsLs46cio89Jh8CZ97wx0g,7546611144993440558,未知
7546638033548002074,俺也一样,奥迪蒙不是西蒙,ruidibenrenb,未知,2025-09-06 00:09:55,2,0,0,浙江,,https://www.douyin.com/user/MS4wLjABAAAAnD94M85W89v2pjx_VSNPu9ZaVTCvUzOGvfvrQY1Q8AI,7546611144993440558,未知
7546659673891685177,俺也一样,用户7858216252384,85384749602,未知,2025-09-06 01:33:59,0,0,0,四川,,https://www.douyin.com/user/MS4wLjABAAAA4b2cshixTEj_xMo2MWkRBdJPGVNCUEgy1W0dsyAF95IJqvr2oiRPcfxN-k6xgTW4,7546611144993440558,奥迪蒙不是西蒙
7546622475984487228,80周年80分钟啊,大王,dye3629,未知,2025-09-05 23:09:31,17,0,0,山东,,https://www.douyin.com/user/MS4wLjABAAAAnAlWSEPwOwlUT6xtXo8xyIqmxkOa139ndDpAiVNu2Bo,7546620182052012859,未知
7546649878236250940,就是90分钟一个半小时,日落Sunset.,44716160898,未知,2025-09-06 00:55:53,29,0,0,江苏,,https://www.douyin.com/user/MS4wLjABAAAAkOOQwTzHti-DSz2qeCrRvDW6X2PZDR6mVk5r5yiUMFkw3OhJWSVKdqiNManXVm4B,7546620182052012859,大王
7546751066589053753,一个小时26分钟,俩公主的妈,,未知,2025-09-06 07:28:33,11,0,0,山东,,https://www.douyin.com/user/MS4wLjABAAAAirAKocXKRG2B4Ve8b17m5auJEqVCHeb56Klch5uD9tw,7546620182052012859,大王
7546607520934019898,嗯,文如付,53740773399,未知,2025-09-05 22:11:29,0,0,0,重庆,,https://www.douyin.com/user/MS4wLjABAAAAPupYpznMN-L-GsdCAS7otswglXRjXwbFQ-W7rO5Ujy4,7546607260702737210,未知
